economies , /ɛkʰɔnɔmʲiz/ , ['E_F', 'kh', 'O_R', 'n_R', 'O_R', 'mj', 'i_R', 'z']
experiences , /ɛkspʲiriɛnsɛz/ , ['E_F', 'k', 's', 'pj', 'i_R', 'r', 'i_R', 'E_F', 'n_R', 's', 'E_F', 'z']
inequalities , /ɪnɛkʷɑʎɪtʲiz/ , ['I_R', 'n_R', 'E_F', 'kw', 'A', 'L', 'I_R', 'tj', 'i_R', 'z']
determination , /dɛtʰaːmʲineʃɔn/ , ['d', 'E_F', 'th', 'a:', 'mj', 'i_R', 'n_R', 'e_R', 'S', 'O_R', 'n_R']
destination , /dɛstʲineʃɔn/ , ['d', 'E_F', 's', 'tj', 'i_R', 'n_R', 'e_R', 'S', 'O_R', 'n_R']
personalization , /pəsənəlaɪzeːʃən/ , ['p', '@', 's', '@', 'n_R', '@', 'l', 'aj', 'z', 'e:_R', 'S', '@', 'n_R']
enthusiasts , /ɪntjuːzɪasʈs/ , ['I_R', 'n_R', 't', 'j_R', 'u:', 'z', 'I_R', 'a_F', 's', 't`', 's']
experience , /ɛkspʲiriɛns/ , ['E_F', 'k', 's', 'pj', 'i_R', 'r', 'i_R', 'E_F', 'n_R', 's']
experience , /ɛkspʲiriɛns/ , ['E_F', 'k', 's', 'pj', 'i_R', 'r', 'i_R', 'E_F', 'n_R', 's']
certifications , /saːtʲifʲiceʃɔnz/ , ['s', 'a:', 'tj', 'i_R', 'fj', 'i_R', 'c', 'e_R', 'S', 'O_R', 'n_R', 'z']
workplace , /ʋəkpleːs/ , ['v\\', '@', 'k', 'p', 'l', 'e:_R', 's']
practices , /praktʲisɛz/ , ['p', 'r', 'a_F', 'k', 'tj', 'i_R', 's', 'E_F', 'z']
economics , /ɛkɔnɔmʲiks/ , ['E_F', 'k', 'O_R', 'n_R', 'O_R', 'mj', 'i_R', 'k', 's']
determination , /dɛtʰaːmʲineʃɔn/ , ['d', 'E_F', 'th', 'a:', 'mj', 'i_R', 'n_R', 'e_R', 'S', 'O_R', 'n_R']
resilience , /rəzɪʎɪəns/ , ['r', '@', 'z', 'I_R', 'L', 'I_R', '@', 'n_R', 's']
standards , /standadz/ , ['s', 't', 'a_F', 'n_R', 'd', 'a_F', 'd', 'z']
transparency , /transparənsi/ , ['t', 'r', 'a_F', 'n_R', 's', 'p', 'a_F', 'r', '@', 'n_R', 's', 'i_R']
showcase , /ʃouceis/ , ['S', 'ow', 'c', 'ej', 's']
passwords , /pɑːsʋəɖz/ , ['p', 'A:_R', 's', 'v\\', '@', 'd`', 'z']
choices , /t̠ʃoɪsɛz/ , ['tS', 'oj', 's', 'E_F', 'z']
transformation , /transfɔmeʃɔn/ , ['t', 'r', 'a_F', 'n_R', 's', 'f', 'O_R', 'm_R', 'e_R', 'S', 'O_R', 'n_R']
infrastructure , /infrastrɔkt̠ʃa/ , ['i_R', 'n_R', 'f', 'r', 'a_F', 's', 't', 'r', 'O_R', 'k', 'tS', 'a_F']
significantly , /siɟɲifʲikantʎi/ , ['s', 'i_R', 'gj', 'J', 'i_R', 'fj', 'i_R', 'k', 'a_F', 'n_R', 't', 'L', 'i_R']
transportation , /ʈranspɔːʈeːʃən/ , ['t`', 'r', 'a_F', 'n_R', 's', 'p', 'O:', 't`', 'e:_R', 'S', '@', 'n_R']
good , /ɡʊd/ , ['g', 'U_R', 'd']
accomplishments , /akʰɔmpʎiʃmɛnts/ , ['a_F', 'kh', 'O_R', 'm_R', 'p', 'L', 'i_R', 'S', 'm_R', 'E_F', 'n_R', 't', 's']
travelers , /travalaz/ , ['t', 'r', 'a_F', 'v', 'a_F', 'l', 'a_F', 'z']
timeless , /ʈaɪmləs/ , ['t`', 'aj', 'm_R', 'l', '@', 's']
changes , /t̠ʃend̠ʒɛz/ , ['tS', 'e_R', 'n_R', 'dZ', 'E_F', 'z']
civilization , /sɪvələzeiʃən/ , ['s', 'I_R', 'v', '@', 'l', '@', 'z', 'ej', 'S', '@', 'n_R']
satisfaction , /satʲisfacʃɔn/ , ['s', 'a_F', 'tj', 'i_R', 's', 'f', 'a_F', 'c', 'S', 'O_R', 'n_R']
determination , /dɛtʰaːmʲineʃɔn/ , ['d', 'E_F', 'th', 'a:', 'mj', 'i_R', 'n_R', 'e_R', 'S', 'O_R', 'n_R']
unprecedented , /ɐmprɛsɪdɛntʲɪd/ , ['6', 'm_R', 'p', 'r', 'E_F', 's', 'I_R', 'd', 'E_F', 'n_R', 'tj', 'I_R', 'd']
communication , /kəmʲuːɲɪceːʃən/ , ['k', '@', 'mj', 'u:', 'J', 'I_R', 'c', 'e:_R', 'S', '@', 'n_R']
success , /səksɛs/ , ['s', '@', 'k', 's', 'E_F', 's']
leadership , /ʎiːdaʃip/ , ['L', 'i:_R', 'd', 'a_F', 'S', 'i_R', 'p']
photography , /fɔtʰɔɡrafʲi/ , ['f', 'O_R', 'th', 'O_R', 'g', 'r', 'a_F', 'fj', 'i_R']
landmarks , /landmaks/ , ['l', 'a_F', 'n_R', 'd', 'm_R', 'a_F', 'k', 's']
beginners , /bəɟɪnəz/ , ['b', '@', 'gj', 'I_R', 'n_R', '@', 'z']
cathedral , /kətiːɖəl/ , ['k', '@', 't', 'i:_R', 'd`', '@', 'l']
populations , /pɔpʲʊleːʃənz/ , ['p', 'O', 'pj', 'U_R', 'l', 'e:_R', 'S', '@', 'n_R', 'z']
transportation , /ʈranspɔːʈeːʃən/ , ['t`', 'r', 'a_F', 'n_R', 's', 'p', 'O:', 't`', 'e:_R', 'S', '@', 'n_R']
significantly , /siɟɲifʲikantʎi/ , ['s', 'i_R', 'gj', 'J', 'i_R', 'fj', 'i_R', 'k', 'a_F', 'n_R', 't', 'L', 'i_R']
critical , /critʲikaɫ/ , ['c', 'r', 'i_R', 'tj', 'i_R', 'k', 'a_F', '5_R']
experiences , /ɛkspʲiriɛnsɛz/ , ['E_F', 'k', 's', 'pj', 'i_R', 'r', 'i_R', 'E_F', 'n_R', 's', 'E_F', 'z']
sustainability , /sastenabʲiʎitʲi/ , ['s', 'a_F', 's', 't', 'e_R', 'n_R', 'a_F', 'bj', 'i_R', 'L', 'i_R', 'tj', 'i_R']
manufacturing , /maɲʊfakt̠ʃərɪŋ/ , ['m_R', 'a_F', 'J', 'U_R', 'f', 'a_F', 'k', 'tS', '@', 'r', 'I_R', 'N']
away , /awe/ , ['a_F', 'w', 'e_R']
changes , /t̠ʃend̠ʒɛz/ , ['tS', 'e_R', 'n_R', 'dZ', 'E_F', 'z']
students , /stʲuːdənts/ , ['s', 'tj', 'u:', 'd', '@', 'n_R', 't', 's']
sequences , /sɪcɛnsɪz/ , ['s', 'I_R', 'c', 'E_F', 'n_R', 's', 'I_R', 'z']
tourism , /ʈɔːrɪzəm/ , ['t`', 'O:', 'r', 'I_R', 'z', '@', 'm_R']
productivity , /prɔdɐktʲɪvɪtʲi/ , ['p', 'r', 'O', 'd', '6', 'k', 'tj', 'I_R', 'v', 'I_R', 'tj', 'i_R']
stories , /stɔːriz/ , ['s', 't', 'O:', 'r', 'i_R', 'z']
consistency , /kənsɪsʈənsi/ , ['k', '@', 'n_R', 's', 'I_R', 's', 't`', '@', 'n_R', 's', 'i_R']
cafes , /cæfeiz/ , ['c', '{', 'f', 'ej', 'z']
authenticity , /ɔːtəntʲɪsɪtʲi/ , ['O:', 't', '@', 'n_R', 'tj', 'I_R', 's', 'I_R', 'tj', 'i_R']
sensitivity , /sɛnsatʲivʲiti/ , ['s', 'E_F', 'n_R', 's', 'a_F', 'tj', 'i_R', 'vj', 'i_R', 't', 'i_R']
destinations , /dɛstʲineʃɔnz/ , ['d', 'E_F', 's', 'tj', 'i_R', 'n_R', 'e_R', 'S', 'O_R', 'n_R', 'z']
destinations , /dɛstʲineʃɔnz/ , ['d', 'E_F', 's', 'tj', 'i_R', 'n_R', 'e_R', 'S', 'O_R', 'n_R', 'z']
ecosystems , /ikʰousɪstəmz/ , ['i_R', 'kh', 'ow', 's', 'I_R', 's', 't', '@', 'm_R', 'z']
changes , /t̠ʃend̠ʒɛz/ , ['tS', 'e_R', 'n_R', 'dZ', 'E_F', 'z']
portfolio , /pɔːʈfoːʎioː/ , ['p', 'O:', 't`', 'f', 'o:_R', 'L', 'i_R', 'o:_R']
visitors , /vɪzɪtəz/ , ['v', 'I_R', 'z', 'I_R', 't', '@', 'z']
verification , /ʋɛrɪfʲɪceːʃən/ , ['v\\', 'E_F', 'r', 'I_R', 'fj', 'I_R', 'c', 'e:_R', 'S', '@', 'n_R']
wardrobes , /wɔrdroubz/ , ['w', 'O', 'r', 'd', 'r', 'ow', 'b', 'z']
grandchildren , /ɡrandt̠ʃɪɫdən/ , ['g', 'r', 'a_F', 'n_R', 'd', 'tS', 'I_R', '5_R', 'd', '@', 'n_R']
celebration , /sɛləbreːʃən/ , ['s', 'E_F', 'l', '@', 'b', 'r', 'e:_R', 'S', '@', 'n_R']
flexibility , /flɛksəbʲɪʎɪtʲi/ , ['f', 'l', 'E_F', 'k', 's', '@', 'bj', 'I_R', 'L', 'I_R', 'tj', 'i_R']
sustainability , /sastenabʲiʎitʲi/ , ['s', 'a_F', 's', 't', 'e_R', 'n_R', 'a_F', 'bj', 'i_R', 'L', 'i_R', 'tj', 'i_R']
controversy , /kɔnʈrəʋəsi/ , ['k', 'O', 'n_R', 't`', 'r', '@', 'v\\', '@', 's', 'i_R']
outfits , /aʊtfʲɪts/ , ['aw', 't', 'fj', 'I_R', 't', 's']
cities , /sitʰiz/ , ['s', 'i_R', 'th', 'i_R', 'z']
chance , /t̠ʃans/ , ['tS', 'a_F', 'n_R', 's']
accumulated , /acuːmʲʊletɛd/ , ['a_F', 'c', 'u:_R', 'mj', 'U_R', 'l', 'e_R', 't', 'E_F', 'd']
memories , /mɛmɔriz/ , ['m_R', 'E_F', 'm_R', 'O_R', 'r', 'i_R', 'z']
experiential , /ɛkspɪriɛnʃəl/ , ['E_F', 'k', 's', 'p', 'I_R', 'r', 'i_R', 'E_F', 'n_R', 'S', '@', 'l']
storytelling , /sʈɔrɪʈɛʎɪŋ/ , ['s', 't`', 'O', 'r', 'I_R', 't`', 'E_F', 'L', 'I_R', 'N']
motivations , /moutʲɪveiʃənz/ , ['m_R', 'ow', 'tj', 'I_R', 'v', 'ej', 'S', '@', 'n_R', 'z']
orientation , /ɔriɛntʰeiʃən/ , ['O', 'r', 'i_R', 'E_F', 'n_R', 'th', 'ej', 'S', '@', 'n_R']
companies , /kəmpəɲiz/ , ['k', '@', 'm_R', 'p', '@', 'J', 'i_R', 'z']
students , /stʲuːdənts/ , ['s', 'tj', 'u:', 'd', '@', 'n_R', 't', 's']
algorithms , /aɫɡɔriðamz/ , ['a_F', '5_R', 'g', 'O_R', 'r', 'i_R', 'D', 'a_F', 'm_R', 'z']
destinations , /dɛstʲineʃɔnz/ , ['d', 'E_F', 's', 'tj', 'i_R', 'n_R', 'e_R', 'S', 'O_R', 'n_R', 'z']
effectively , /ɛfɛktʲivʎi/ , ['E_F', 'f', 'E_F', 'k', 'tj', 'i_R', 'v', 'L', 'i_R']
agriculture , /aɟrɪkəlt̠ʃə/ , ['a_F', 'gj', 'r', 'I_R', 'k', '@', 'l', 'tS', '@']
landscapes , /landsceps/ , ['l', 'a_F', 'n_R', 'd', 's', 'c', 'e_R', 'p', 's']
transactions , /tranzacʃɔnz/ , ['t', 'r', 'a_F', 'n_R', 'z', 'a_F', 'c', 'S', 'O_R', 'n_R', 'z']
foundation , /faʊndeʃɔn/ , ['f', 'aw', 'n_R', 'd', 'e_R', 'S', 'O_R', 'n_R']
persistence , /pəsɪsʈəns/ , ['p', '@', 's', 'I_R', 's', 't`', '@', 'n_R', 's']
photographers , /fəʈɔɡrəfəɾz/ , ['f', '@', 't`', 'O', 'g', 'r', '@', 'f', '@', '4', 'z']
accessories , /aksɛsɔriz/ , ['a_F', 'k', 's', 'E_F', 's', 'O_R', 'r', 'i_R', 'z']
photographed , /fɔtəɡrɑft/ , ['f', 'O', 't', '@', 'g', 'r', 'A', 'f', 't']
fascinating , /fasinetʲiŋɡ/ , ['f', 'a_F', 's', 'i_R', 'n_R', 'e_R', 'tj', 'i_R', 'N', 'g']
effortlessly , /ɛfɔtlɛsʎi/ , ['E_F', 'f', 'O_R', 't', 'l', 'E_F', 's', 'L', 'i_R']
certification , /saːtʲifʲiceʃɔn/ , ['s', 'a:', 'tj', 'i_R', 'fj', 'i_R', 'c', 'e_R', 'S', 'O_R', 'n_R']
technology , /ʈɛknɔləd̠ʒi/ , ['t`', 'E_F', 'k', 'n_R', 'O', 'l', '@', 'dZ', 'i_R']
communication , /kəmʲuːɲɪceːʃən/ , ['k', '@', 'mj', 'u:', 'J', 'I_R', 'c', 'e:_R', 'S', '@', 'n_R']
collaboration , /kəlabəreːʃən/ , ['k', '@', 'l', 'a_F', 'b', '@', 'r', 'e:_R', 'S', '@', 'n_R']
diagrams , /daɪəɡramz/ , ['d', 'aj', '@', 'g', 'r', 'a_F', 'm_R', 'z']
simulations , /sɪmʊleiʃənz/ , ['s', 'I_R', 'm_R', 'U_R', 'l', 'ej', 'S', '@', 'n_R', 'z']
performances , /pəfɔmənsɪz/ , ['p', '@', 'f', 'O', 'm_R', '@', 'n_R', 's', 'I_R', 'z']
understanding , /ɐndəstandʲɪŋ/ , ['6', 'n_R', 'd', '@', 's', 't', 'a_F', 'n_R', 'dj', 'I_R', 'N']
destination , /dɛstʲineʃɔn/ , ['d', 'E_F', 's', 'tj', 'i_R', 'n_R', 'e_R', 'S', 'O_R', 'n_R']
particularly , /pətʲɪcʊləʎi/ , ['p', '@', 'tj', 'I_R', 'c', 'U_R', 'l', '@', 'L', 'i_R']
storytelling , /sʈɔrɪʈɛʎɪŋ/ , ['s', 't`', 'O', 'r', 'I_R', 't`', 'E_F', 'L', 'I_R', 'N']
collaboration , /kəlabəreːʃən/ , ['k', '@', 'l', 'a_F', 'b', '@', 'r', 'e:_R', 'S', '@', 'n_R']
engagement , /ɛŋɡed̠ʒmɛnt/ , ['E_F', 'N', 'g', 'e_R', 'dZ', 'm_R', 'E_F', 'n_R', 't']
spontaneous , /spɔnʈeːɲiəs/ , ['s', 'p', 'O', 'n_R', 't`', 'e:_R', 'J', 'i_R', '@', 's']
infrastructure , /infrastrɔkt̠ʃa/ , ['i_R', 'n_R', 'f', 'r', 'a_F', 's', 't', 'r', 'O_R', 'k', 'tS', 'a_F']
criticism , /critʲisizam/ , ['c', 'r', 'i_R', 'tj', 'i_R', 's', 'i_R', 'z', 'a_F', 'm_R']
storm , /stɔrm/ , ['s', 't', 'O', 'r', 'm_R']
generations , /d̠ʒɛnəreːʃənz/ , ['dZ', 'E_F', 'n_R', '@', 'r', 'e:_R', 'S', '@', 'n_R', 'z']
corporation , /kɔːpəreːʃən/ , ['k', 'O:', 'p', '@', 'r', 'e:_R', 'S', '@', 'n_R']
unexpected , /ɐnɛkspɛktʲɪd/ , ['6', 'n_R', 'E_F', 'k', 's', 'p', 'E_F', 'k', 'tj', 'I_R', 'd']
triumphant , /traɪɐmfənt/ , ['t', 'r', 'aj', '6', 'm_R', 'f', '@', 'n_R', 't']
sightseeing , /saɪtsiːɪŋ/ , ['s', 'aj', 't', 's', 'i:_R', 'I_R', 'N']
breathtaking , /brɛtʈeːcɪŋ/ , ['b', 'r', 'E_F', 't', 't`', 'e:_R', 'c', 'I_R', 'N']
tourism , /ʈɔːrɪzəm/ , ['t`', 'O:', 'r', 'I_R', 'z', '@', 'm_R']
accessibility , /aksɛsəbʲɪʎɪtʲi/ , ['a_F', 'k', 's', 'E_F', 's', '@', 'bj', 'I_R', 'L', 'I_R', 'tj', 'i_R']
accelerated , /aksɛləreːtʲɪɖ/ , ['a_F', 'k', 's', 'E_F', 'l', '@', 'r', 'e:_R', 'tj', 'I_R', 'd`']
meetings , /mʲiːtʲiŋɡz/ , ['mj', 'i:_R', 'tj', 'i_R', 'N', 'g', 'z']
radiation , /redʲieʃɔn/ , ['r', 'e_R', 'dj', 'i_R', 'e_R', 'S', 'O_R', 'n_R']
target , /ʈɑːɟɪʈ/ , ['t`', 'A:_R', 'gj', 'I_R', 't`']
distractions , /dʲistracʃɔnz/ , ['dj', 'i_R', 's', 't', 'r', 'a_F', 'c', 'S', 'O_R', 'n_R', 'z']
confidence , /kɔmfʲɪɖəns/ , ['k', 'O', 'm_R', 'fj', 'I_R', 'd`', '@', 'n_R', 's']
helicopter , /hɛʎikɔpʈə/ , ['h', 'E_F', 'L', 'i_R', 'k', 'O', 'p', 't`', '@']
regeneration , /rid̠ʒɛnəreiʃən/ , ['r', 'i_R', 'dZ', 'E_F', 'n_R', '@', 'r', 'ej', 'S', '@', 'n_R']
popularity , /pɔpʲʊlarɪtʲi/ , ['p', 'O', 'pj', 'U_R', 'l', 'a_F', 'r', 'I_R', 'tj', 'i_R']
efficiency , /ɛfʲiʃɛnsi/ , ['E_F', 'fj', 'i_R', 'S', 'E_F', 'n_R', 's', 'i_R']
economics , /ɛkɔnɔmʲiks/ , ['E_F', 'k', 'O_R', 'n_R', 'O_R', 'mj', 'i_R', 'k', 's']
simulation , /sɪməleiʃən/ , ['s', 'I_R', 'm_R', '@', 'l', 'ej', 'S', '@', 'n_R']
grandparents , /ɡrampɛːrənʈs/ , ['g', 'r', 'a_F', 'm_R', 'p', 'E:', 'r', '@', 'n_R', 't`', 's']
pandemic , /panɖɛmʲɪk/ , ['p', 'a_F', 'n_R', 'd`', 'E_F', 'mj', 'I_R', 'k']
pandemic , /panɖɛmʲɪk/ , ['p', 'a_F', 'n_R', 'd`', 'E_F', 'mj', 'I_R', 'k']
subscription , /sɐbscrɪpʃən/ , ['s', '6', 'b', 's', 'c', 'r', 'I_R', 'p', 'S', '@', 'n_R']
phenomena , /fʲɪnɑmənə/ , ['fj', 'I_R', 'n_R', 'A', 'm_R', '@', 'n_R', '@']
audiences , /ɑːdʲiənsɪz/ , ['A:_R', 'dj', 'i_R', '@', 'n_R', 's', 'I_R', 'z']
diagrams , /daɪəɡramz/ , ['d', 'aj', '@', 'g', 'r', 'a_F', 'm_R', 'z']
durability , /dʊrəbʲɪʎɪtʲi/ , ['d', 'U_R', 'r', '@', 'bj', 'I_R', 'L', 'I_R', 'tj', 'i_R']
grandmothers , /ɡranmɐðəz/ , ['g', 'r', 'a_F', 'n_R', 'm_R', '6', 'D', '@', 'z']
accessible , /aksɛsəbəl/ , ['a_F', 'k', 's', 'E_F', 's', '@', 'b', '@', 'l']
visitors , /vɪzɪtəz/ , ['v', 'I_R', 'z', 'I_R', 't', '@', 'z']
colosseum , /kʰɔləsiəm/ , ['kh', 'O', 'l', '@', 's', 'i_R', '@', 'm_R']
trends , /trɛndz/ , ['t', 'r', 'E_F', 'n_R', 'd', 'z']
technologies , /ʈɛknɔləd̠ʒiz/ , ['t`', 'E_F', 'k', 'n_R', 'O', 'l', '@', 'dZ', 'i_R', 'z']
destination , /dɛstʲineʃɔn/ , ['d', 'E_F', 's', 'tj', 'i_R', 'n_R', 'e_R', 'S', 'O_R', 'n_R']
travelers , /travalaz/ , ['t', 'r', 'a_F', 'v', 'a_F', 'l', 'a_F', 'z']
destinations , /dɛstʲineʃɔnz/ , ['d', 'E_F', 's', 'tj', 'i_R', 'n_R', 'e_R', 'S', 'O_R', 'n_R', 'z']
trends , /trɛndz/ , ['t', 'r', 'E_F', 'n_R', 'd', 'z']
education , /ɛdʲʊceʃɔn/ , ['E_F', 'dj', 'U_R', 'c', 'e_R', 'S', 'O_R', 'n_R']
engaging , /ɛŋɡed̠ʒiŋɡ/ , ['E_F', 'N', 'g', 'e_R', 'dZ', 'i_R', 'N', 'g']
picasso , /pɪkəsuː/ , ['p', 'I_R', 'k', '@', 's', 'u:']
typography , /ʈaɪpɔɡrəfʲi/ , ['t`', 'aj', 'p', 'O', 'g', 'r', '@', 'fj', 'i_R']
version , /vaːʃɔn/ , ['v', 'a:', 'S', 'O_R', 'n_R']
brainstorming , /brenstɔmʲiŋɡ/ , ['b', 'r', 'e_R', 'n_R', 's', 't', 'O_R', 'mj', 'i_R', 'N', 'g']
motivated , /moutʲɪveitʲɪd/ , ['m_R', 'ow', 'tj', 'I_R', 'v', 'ej', 'tj', 'I_R', 'd']
continuous , /kəntʲɪɲuːəs/ , ['k', '@', 'n_R', 'tj', 'I_R', 'J', 'u:', '@', 's']
photographer , /fɔtʰɔɡrafa/ , ['f', 'O_R', 'th', 'O_R', 'g', 'r', 'a_F', 'f', 'a_F']
gigantic , /d̠ʒaɪɡantʲɪk/ , ['dZ', 'aj', 'g', 'a_F', 'n_R', 'tj', 'I_R', 'k']
navigated , /naʋɪɡeːtʲɪɖ/ , ['n_R', 'a_F', 'v\\', 'I_R', 'g', 'e:_R', 'tj', 'I_R', 'd`']
intersect , /ɪnəsɛkt/ , ['I_R', 'n_R', '@', 's', 'E_F', 'k', 't']
participate , /pɑːtʲɪsɪpeːʈ/ , ['p', 'A:_R', 'tj', 'I_R', 's', 'I_R', 'p', 'e:_R', 't`']
experience , /ɛkspʲiriɛns/ , ['E_F', 'k', 's', 'pj', 'i_R', 'r', 'i_R', 'E_F', 'n_R', 's']
advantage , /advantad̠ʒ/ , ['a_F', 'd', 'v', 'a_F', 'n_R', 't', 'a_F', 'dZ']
algorithm , /aɫɡɔriðam/ , ['a_F', '5_R', 'g', 'O_R', 'r', 'i_R', 'D', 'a_F', 'm_R']
contact , /kɔnʈakʈ/ , ['k', 'O', 'n_R', 't`', 'a_F', 'k', 't`']
invitation , /ɪnʋɪʈeːʃən/ , ['I_R', 'n_R', 'v\\', 'I_R', 't`', 'e:_R', 'S', '@', 'n_R']
pacific , /pəsɪfʲɪk/ , ['p', '@', 's', 'I_R', 'fj', 'I_R', 'k']
installations , /instɔleʃɔnz/ , ['i_R', 'n_R', 's', 't', 'O_R', 'l', 'e_R', 'S', 'O_R', 'n_R', 'z']
issues , /ɪsjuːz/ , ['I_R', 's', 'j_R', 'u:', 'z']
revolutions , /rɛvɔluːʃɔnz/ , ['r', 'E_F', 'v', 'O_R', 'l', 'u:_R', 'S', 'O_R', 'n_R', 'z']
heritage , /hɛritad̠ʒ/ , ['h', 'E_F', 'r', 'i_R', 't', 'a_F', 'dZ']
passwords , /pɑːsʋəɖz/ , ['p', 'A:_R', 's', 'v\\', '@', 'd`', 'z']
policies , /pəʎiːsiz/ , ['p', '@', 'L', 'i:_R', 's', 'i_R', 'z']
adventure , /advɛnt̠ʃa/ , ['a_F', 'd', 'v', 'E_F', 'n_R', 'tS', 'a_F']
parties , /pɑːtʲiz/ , ['p', 'A:_R', 'tj', 'i_R', 'z']
london , /lɐndən/ , ['l', '6', 'n_R', 'd', '@', 'n_R']
surprisingly , /səpraɪzɪɲʎi/ , ['s', '@', 'p', 'r', 'aj', 'z', 'I_R', 'J', 'L', 'i_R']
experiences , /ɛkspʲiriɛnsɛz/ , ['E_F', 'k', 's', 'pj', 'i_R', 'r', 'i_R', 'E_F', 'n_R', 's', 'E_F', 'z']
biodiversity , /baɪoudaɪvəsɪtʲi/ , ['b', 'aj', 'ow', 'd', 'aj', 'v', '@', 's', 'I_R', 'tj', 'i_R']
competitive , /kəmpɛtʲɪtʲɪʋ/ , ['k', '@', 'm_R', 'p', 'E_F', 'tj', 'I_R', 'tj', 'I_R', 'v\\']
gemstone , /d̠ʒɛmstoun/ , ['dZ', 'E_F', 'm_R', 's', 't', 'ow', 'n_R']
beginning , /bɛɟiɲiŋɡ/ , ['b', 'E_F', 'gj', 'i_R', 'J', 'i_R', 'N', 'g']
time , /ʈaɪm/ , ['t`', 'aj', 'm_R']
profession , /prɔfɛʃɔn/ , ['p', 'r', 'O_R', 'f', 'E_F', 'S', 'O_R', 'n_R']
inspiration , /ɪnspəreiʃən/ , ['I_R', 'n_R', 's', 'p', '@', 'r', 'ej', 'S', '@', 'n_R']
quarantine , /kʷɔrənʈaɪn/ , ['kw', 'O', 'r', '@', 'n_R', 't`', 'aj', 'n_R']
style , /staɪɫ/ , ['s', 't', 'aj', '5_R']
unbearable , /ɐnbɛrəbəɫ/ , ['6', 'n_R', 'b', 'E_F', 'r', '@', 'b', '@', '5_R']
caves , /ceːʋz/ , ['c', 'e:_R', 'v\\', 'z']
reliable , /rilaɪabʊɫ/ , ['r', 'i_R', 'l', 'aj', 'a_F', 'b', 'U_R', '5_R']
festivals , /fɛstəvəɫz/ , ['f', 'E_F', 's', 't', '@', 'v', '@', '5_R', 'z']
architecture , /acitʰɛkt̠ʃa/ , ['a_F', 'c', 'i_R', 'th', 'E_F', 'k', 'tS', 'a_F']
fascinating , /fasinetʲiŋɡ/ , ['f', 'a_F', 's', 'i_R', 'n_R', 'e_R', 'tj', 'i_R', 'N', 'g']
magical , /mad̠ʒikaɫ/ , ['m_R', 'a_F', 'dZ', 'i_R', 'k', 'a_F', '5_R']
priority , /praɪɔrətʲi/ , ['p', 'r', 'aj', 'O', 'r', '@', 'tj', 'i_R']
destination , /dɛstʲineʃɔn/ , ['d', 'E_F', 's', 'tj', 'i_R', 'n_R', 'e_R', 'S', 'O_R', 'n_R']
technology , /ʈɛknɔləd̠ʒi/ , ['t`', 'E_F', 'k', 'n_R', 'O', 'l', '@', 'dZ', 'i_R']
localized , /loukəlaɪzd/ , ['l', 'ow', 'k', '@', 'l', 'aj', 'z', 'd']
confidence , /kɔmfʲɪɖəns/ , ['k', 'O', 'm_R', 'fj', 'I_R', 'd`', '@', 'n_R', 's']
connectivity , /kənɛktʲɪʋɪtʲi/ , ['k', '@', 'n_R', 'E_F', 'k', 'tj', 'I_R', 'v\\', 'I_R', 'tj', 'i_R']
environmental , /ɛmvaɪanmɛntaɫ/ , ['E_F', 'm_R', 'v', 'aj', 'a_F', 'n_R', 'm_R', 'E_F', 'n_R', 't', 'a_F', '5_R']
deadlines , /dɛdlaɪnz/ , ['d', 'E_F', 'd', 'l', 'aj', 'n_R', 'z']
societies , /sɔsaɪitʲiz/ , ['s', 'O_R', 's', 'aj', 'i_R', 'tj', 'i_R', 'z']
possible , /pɔsɪbəl/ , ['p', 'O', 's', 'I_R', 'b', '@', 'l']
directory , /daɪrɛktɔri/ , ['d', 'aj', 'r', 'E_F', 'k', 't', 'O_R', 'r', 'i_R']
counts , /kaʊnʈs/ , ['k', 'aw', 'n_R', 't`', 's']
traditions , /tradʲiʃɔnz/ , ['t', 'r', 'a_F', 'dj', 'i_R', 'S', 'O_R', 'n_R', 'z']
representative , /rɛprizɛntatʲiv/ , ['r', 'E_F', 'p', 'r', 'i_R', 'z', 'E_F', 'n_R', 't', 'a_F', 'tj', 'i_R', 'v']
place , /ples/ , ['p', 'l', 'e_R', 's']
lights , /laɪts/ , ['l', 'aj', 't', 's']
short , /ʃɔrt/ , ['S', 'O', 'r', 't']
resilience , /rəzɪʎɪəns/ , ['r', '@', 'z', 'I_R', 'L', 'I_R', '@', 'n_R', 's']
decentralized , /dɛsɛntralaɪzd/ , ['d', 'E_F', 's', 'E_F', 'n_R', 't', 'r', 'a_F', 'l', 'aj', 'z', 'd']
destination , /dɛstʲineʃɔn/ , ['d', 'E_F', 's', 'tj', 'i_R', 'n_R', 'e_R', 'S', 'O_R', 'n_R']
effective , /ɛfɛktʲiv/ , ['E_F', 'f', 'E_F', 'k', 'tj', 'i_R', 'v']
workshops , /ʋəkʃɔps/ , ['v\\', '@', 'k', 'S', 'O', 'p', 's']
performance , /pəfɔməns/ , ['p', '@', 'f', 'O', 'm_R', '@', 'n_R', 's']
transformed , /transfɔːmd/ , ['t', 'r', 'a_F', 'n_R', 's', 'f', 'O:', 'm_R', 'd']
radiation , /redʲieʃɔn/ , ['r', 'e_R', 'dj', 'i_R', 'e_R', 'S', 'O_R', 'n_R']
states , /stets/ , ['s', 't', 'e_R', 't', 's']
innovation , /inɔveʃɔn/ , ['i_R', 'n_R', 'O_R', 'v', 'e_R', 'S', 'O_R', 'n_R']
sirens , /saɪərənz/ , ['s', 'aj', '@', 'r', '@', 'n_R', 'z']
latitudes , /latʲɪʈuːɖz/ , ['l', 'a_F', 'tj', 'I_R', 't`', 'u:', 'd`', 'z']
fascinated , /fasinetɛd/ , ['f', 'a_F', 's', 'i_R', 'n_R', 'e_R', 't', 'E_F', 'd']
popular , /pɔpʲʊlə/ , ['p', 'O', 'pj', 'U_R', 'l', '@']
technology , /ʈɛknɔləd̠ʒi/ , ['t`', 'E_F', 'k', 'n_R', 'O', 'l', '@', 'dZ', 'i_R']
preservation , /prɛzəʋeːʃən/ , ['p', 'r', 'E_F', 'z', '@', 'v\\', 'e:_R', 'S', '@', 'n_R']
engagement , /ɛŋɡed̠ʒmɛnt/ , ['E_F', 'N', 'g', 'e_R', 'dZ', 'm_R', 'E_F', 'n_R', 't']
dramatically , /dramatʲikaʎi/ , ['d', 'r', 'a_F', 'm_R', 'a_F', 'tj', 'i_R', 'k', 'a_F', 'L', 'i_R']
pandemic , /panɖɛmʲɪk/ , ['p', 'a_F', 'n_R', 'd`', 'E_F', 'mj', 'I_R', 'k']
environments , /ɛmvaɪanmɛnts/ , ['E_F', 'm_R', 'v', 'aj', 'a_F', 'n_R', 'm_R', 'E_F', 'n_R', 't', 's']
compromising , /kəmprɔmʲɪsɪŋ/ , ['k', '@', 'm_R', 'p', 'r', 'O', 'mj', 'I_R', 's', 'I_R', 'N']
typically , /ʈɪpɪcʎi/ , ['t`', 'I_R', 'p', 'I_R', 'c', 'L', 'i_R']
teamwork , /ʈiːmʋək/ , ['t`', 'i:_R', 'm_R', 'v\\', '@', 'k']
scandal , /skandaɫ/ , ['s', 'k', 'a_F', 'n_R', 'd', 'a_F', '5_R']
solitude , /sɔʎɪʈuːɖ/ , ['s', 'O', 'L', 'I_R', 't`', 'u:', 'd`']
lasagna , /lasaɲa/ , ['l', 'a_F', 's', 'a_F', 'J', 'a_F']
minutes , /mʲiɲits/ , ['mj', 'i_R', 'J', 'i_R', 't', 's']
place , /ples/ , ['p', 'l', 'e_R', 's']
vietnamese , /ʋiːəʈnəmʲiːz/ , ['v\\', 'i:_R', '@', 't`', 'n_R', '@', 'mj', 'i:_R', 'z']
architecture , /acitʰɛkt̠ʃa/ , ['a_F', 'c', 'i_R', 'th', 'E_F', 'k', 'tS', 'a_F']
dynasty , /daɪnəstʲi/ , ['d', 'aj', 'n_R', '@', 's', 'tj', 'i_R']
atmosphere , /atmasfʲia/ , ['a_F', 't', 'm_R', 'a_F', 's', 'fj', 'i_R', 'a_F']
impossible , /ɪmpɔsəbəl/ , ['I_R', 'm_R', 'p', 'O', 's', '@', 'b', '@', 'l']
environmental , /ɛmvaɪanmɛntaɫ/ , ['E_F', 'm_R', 'v', 'aj', 'a_F', 'n_R', 'm_R', 'E_F', 'n_R', 't', 'a_F', '5_R']
travelers , /travalaz/ , ['t', 'r', 'a_F', 'v', 'a_F', 'l', 'a_F', 'z']
development , /dɛvɛlɔpmɛnt/ , ['d', 'E_F', 'v', 'E_F', 'l', 'O_R', 'p', 'm_R', 'E_F', 'n_R', 't']
resilience , /rəzɪʎɪəns/ , ['r', '@', 'z', 'I_R', 'L', 'I_R', '@', 'n_R', 's']
technology , /ʈɛknɔləd̠ʒi/ , ['t`', 'E_F', 'k', 'n_R', 'O', 'l', '@', 'dZ', 'i_R']
technology , /ʈɛknɔləd̠ʒi/ , ['t`', 'E_F', 'k', 'n_R', 'O', 'l', '@', 'dZ', 'i_R']
motivation , /moutʲɪveiʃən/ , ['m_R', 'ow', 'tj', 'I_R', 'v', 'ej', 'S', '@', 'n_R']
essential , /ɛsɛnʃaɫ/ , ['E_F', 's', 'E_F', 'n_R', 'S', 'a_F', '5_R']
radiance , /redʲians/ , ['r', 'e_R', 'dj', 'i_R', 'a_F', 'n_R', 's']
reflection , /riflɛcʃɔn/ , ['r', 'i_R', 'f', 'l', 'E_F', 'c', 'S', 'O_R', 'n_R']
accuracy , /acʊrasi/ , ['a_F', 'c', 'U_R', 'r', 'a_F', 's', 'i_R']
department , /dəpʰɑrtmənt/ , ['d', '@', 'ph', 'A', 'r', 't', 'm_R', '@', 'n_R', 't']
motivated , /moutʲɪveitʲɪd/ , ['m_R', 'ow', 'tj', 'I_R', 'v', 'ej', 'tj', 'I_R', 'd']
opportunity , /ɑpətʲuːɲɪtʲi/ , ['A', 'p', '@', 'tj', 'u:', 'J', 'I_R', 'tj', 'i_R']
professional , /prɔfɛʃɔnaɫ/ , ['p', 'r', 'O_R', 'f', 'E_F', 'S', 'O_R', 'n_R', 'a_F', '5_R']
everywhere , /ɛriwɛr/ , ['E_F', 'r', 'i_R', 'w', 'E_F', 'r']
gradually , /ɡradʲuəʎi/ , ['g', 'r', 'a_F', 'dj', 'u', '@', 'L', 'i_R']
hierarchy , /haɪərɑːci/ , ['h', 'aj', '@', 'r', 'A:_R', 'c', 'i_R']
traditional , /tradʲiʃɔnaɫ/ , ['t', 'r', 'a_F', 'dj', 'i_R', 'S', 'O_R', 'n_R', 'a_F', '5_R']
bridge , /brid̠ʒ/ , ['b', 'r', 'i_R', 'dZ']
sustainable , /səsʈeːnəbəl/ , ['s', '@', 's', 't`', 'e:_R', 'n_R', '@', 'b', '@', 'l']
hubs , /hɐbz/ , ['h', '6', 'b', 'z']
sightseeing , /saɪtsiːɪŋ/ , ['s', 'aj', 't', 's', 'i:_R', 'I_R', 'N']
enhances , /ɛnhansɛz/ , ['E_F', 'n_R', 'h', 'a_F', 'n_R', 's', 'E_F', 'z']
hubs , /hɐbz/ , ['h', '6', 'b', 'z']
sustainable , /səsʈeːnəbəl/ , ['s', '@', 's', 't`', 'e:_R', 'n_R', '@', 'b', '@', 'l']
transparent , /transparənt/ , ['t', 'r', 'a_F', 'n_R', 's', 'p', 'a_F', 'r', '@', 'n_R', 't']
analysis , /anaʎisis/ , ['a_F', 'n_R', 'a_F', 'L', 'i_R', 's', 'i_R', 's']
benefits , /bɛnəfʲɪts/ , ['b', 'E_F', 'n_R', '@', 'fj', 'I_R', 't', 's']
distortion , /dʲɪstɔrʃən/ , ['dj', 'I_R', 's', 't', 'O', 'r', 'S', '@', 'n_R']
revolution , /rɛvɔluːʃɔn/ , ['r', 'E_F', 'v', 'O_R', 'l', 'u:_R', 'S', 'O_R', 'n_R']
posted , /poːstʲɪɖ/ , ['p', 'o:_R', 's', 'tj', 'I_R', 'd`']
situation , /sɪʈuːeːʃən/ , ['s', 'I_R', 't`', 'u:', 'e:_R', 'S', '@', 'n_R']
consumption , /kənsəmpʃən/ , ['k', '@', 'n_R', 's', '@', 'm_R', 'p', 'S', '@', 'n_R']
happiness , /hapʰinɛs/ , ['h', 'a_F', 'ph', 'i_R', 'n_R', 'E_F', 's']
transformed , /transfɔːmd/ , ['t', 'r', 'a_F', 'n_R', 's', 'f', 'O:', 'm_R', 'd']
childhood , /t̠ʃaɪɫdhʊd/ , ['tS', 'aj', '5_R', 'd', 'h', 'U_R', 'd']
historical , /çɪstɔrɪkəɫ/ , ['C', 'I_R', 's', 't', 'O', 'r', 'I_R', 'k', '@', '5_R']
partnerships , /pɑːʈnəʃɪps/ , ['p', 'A:_R', 't`', 'n_R', '@', 'S', 'I_R', 'p', 's']
environmental , /ɛmvaɪanmɛntaɫ/ , ['E_F', 'm_R', 'v', 'aj', 'a_F', 'n_R', 'm_R', 'E_F', 'n_R', 't', 'a_F', '5_R']
sites , /saɪts/ , ['s', 'aj', 't', 's']
inclusive , /ɪɲcʎuːsɪv/ , ['I_R', 'J', 'c', 'L', 'u:', 's', 'I_R', 'v']
protecting , /prɔtʰɛktʲiŋɡ/ , ['p', 'r', 'O_R', 'th', 'E_F', 'k', 'tj', 'i_R', 'N', 'g']
opportunity , /ɑpətʲuːɲɪtʲi/ , ['A', 'p', '@', 'tj', 'u:', 'J', 'I_R', 'tj', 'i_R']
injection , /ind̠ʒɛcʃɔn/ , ['i_R', 'n_R', 'dZ', 'E_F', 'c', 'S', 'O_R', 'n_R']
excluded , /ɛkskluːdɛd/ , ['E_F', 'k', 's', 'k', 'l', 'u:_R', 'd', 'E_F', 'd']
important , /ɪmpɔːʈənʈ/ , ['I_R', 'm_R', 'p', 'O:', 't`', '@', 'n_R', 't`']
limits , /ʎimʲits/ , ['L', 'i_R', 'mj', 'i_R', 't', 's']
momentum , /moumɛntəm/ , ['m_R', 'ow', 'm_R', 'E_F', 'n_R', 't', '@', 'm_R']
reality , /rialɪtʲi/ , ['r', 'i_R', 'a_F', 'l', 'I_R', 'tj', 'i_R']
identity , /aɪdɛɲɪtʲi/ , ['aj', 'd', 'E_F', 'J', 'I_R', 'tj', 'i_R']
combination , /kɔmbʲɪɲeːʃən/ , ['k', 'O', 'm_R', 'bj', 'I_R', 'J', 'e:_R', 'S', '@', 'n_R']
transforms , /transfɔːmz/ , ['t', 'r', 'a_F', 'n_R', 's', 'f', 'O:', 'm_R', 'z']
latitudes , /latʲɪʈuːɖz/ , ['l', 'a_F', 'tj', 'I_R', 't`', 'u:', 'd`', 'z']
days , /dez/ , ['d', 'e_R', 'z']
activities , /aktʲɪvɪtʲiz/ , ['a_F', 'k', 'tj', 'I_R', 'v', 'I_R', 'tj', 'i_R', 'z']
soul , /souɫ/ , ['s', 'ow', '5_R']
popular , /pɔpʲʊlə/ , ['p', 'O', 'pj', 'U_R', 'l', '@']
understanding , /ɐndəstandʲɪŋ/ , ['6', 'n_R', 'd', '@', 's', 't', 'a_F', 'n_R', 'dj', 'I_R', 'N']
expands , /ɛkspandz/ , ['E_F', 'k', 's', 'p', 'a_F', 'n_R', 'd', 'z']
increasingly , /iɲcriːsiɲɟʎi/ , ['i_R', 'J', 'c', 'r', 'i:_R', 's', 'i_R', 'J', 'gj', 'L', 'i_R']
international , /ɪnəɲæʃənəɫ/ , ['I_R', 'n_R', '@', 'J', '{', 'S', '@', 'n_R', '@', '5_R']
strategies , /stratəd̠ʒiz/ , ['s', 't', 'r', 'a_F', 't', '@', 'dZ', 'i_R', 'z']
fashion , /faʃɔn/ , ['f', 'a_F', 'S', 'O_R', 'n_R']
activated , /aktʲivetɛd/ , ['a_F', 'k', 'tj', 'i_R', 'v', 'e_R', 't', 'E_F', 'd']
transformed , /transfɔːmd/ , ['t', 'r', 'a_F', 'n_R', 's', 'f', 'O:', 'm_R', 'd']
actually , /akʈuəʎi/ , ['a_F', 'k', 't`', 'u', '@', 'L', 'i_R']
successes , /sɐksɛsɪz/ , ['s', '6', 'k', 's', 'E_F', 's', 'I_R', 'z']
impression , /imprɛʃɔn/ , ['i_R', 'm_R', 'p', 'r', 'E_F', 'S', 'O_R', 'n_R']
integrity , /ɪnʈɛɡrɪtʲi/ , ['I_R', 'n_R', 't`', 'E_F', 'g', 'r', 'I_R', 'tj', 'i_R']
elegance , /ɛʎiɡans/ , ['E_F', 'L', 'i_R', 'g', 'a_F', 'n_R', 's']
tourists , /ʈʊrɪsʈs/ , ['t`', 'U_R', 'r', 'I_R', 's', 't`', 's']
scenery , /siːnəri/ , ['s', 'i:_R', 'n_R', '@', 'r', 'i_R']
afternoon , /aftanuːn/ , ['a_F', 'f', 't', 'a_F', 'n_R', 'u:_R', 'n_R']
pictures , /pɪkt̠ʃəz/ , ['p', 'I_R', 'k', 'tS', '@', 'z']
destination , /dɛstʲineʃɔn/ , ['d', 'E_F', 's', 'tj', 'i_R', 'n_R', 'e_R', 'S', 'O_R', 'n_R']
potential , /pəʈɛnʃəl/ , ['p', '@', 't`', 'E_F', 'n_R', 'S', '@', 'l']
introduced , /intrɔdʲuːst/ , ['i_R', 'n_R', 't', 'r', 'O_R', 'dj', 'u:_R', 's', 't']
internal , /ɪnʈənəl/ , ['I_R', 'n_R', 't`', '@', 'n_R', '@', 'l']
details , /dɛtʰeɫz/ , ['d', 'E_F', 'th', 'e_R', '5_R', 'z']
innovation , /inɔveʃɔn/ , ['i_R', 'n_R', 'O_R', 'v', 'e_R', 'S', 'O_R', 'n_R']
professional , /prɔfɛʃɔnaɫ/ , ['p', 'r', 'O_R', 'f', 'E_F', 'S', 'O_R', 'n_R', 'a_F', '5_R']
scenario , /sinario/ , ['s', 'i_R', 'n_R', 'a_F', 'r', 'i_R', 'o']
importance , /ɪmpɔːʈəns/ , ['I_R', 'm_R', 'p', 'O:', 't`', '@', 'n_R', 's']
showcasing , /ʃouceisɪŋ/ , ['S', 'ow', 'c', 'ej', 's', 'I_R', 'N']
appreciated , /apriʃietɛd/ , ['a_F', 'p', 'r', 'i_R', 'S', 'i_R', 'e_R', 't', 'E_F', 'd']
momentum , /moumɛntəm/ , ['m_R', 'ow', 'm_R', 'E_F', 'n_R', 't', '@', 'm_R']
patience , /peːʃəns/ , ['p', 'e:_R', 'S', '@', 'n_R', 's']
special , /spɛʃaɫ/ , ['s', 'p', 'E_F', 'S', 'a_F', '5_R']
transformed , /transfɔːmd/ , ['t', 'r', 'a_F', 'n_R', 's', 'f', 'O:', 'm_R', 'd']
sunglasses , /sɐɲɟʎæsɪz/ , ['s', '6', 'J', 'gj', 'L', '{', 's', 'I_R', 'z']
carnivals , /kɑːɲɪʋəlz/ , ['k', 'A:_R', 'J', 'I_R', 'v\\', '@', 'l', 'z']
experience , /ɛkspʲiriɛns/ , ['E_F', 'k', 's', 'pj', 'i_R', 'r', 'i_R', 'E_F', 'n_R', 's']
located , /lɔcetɛd/ , ['l', 'O_R', 'c', 'e_R', 't', 'E_F', 'd']
continues , /kəntʲɪɲuːz/ , ['k', '@', 'n_R', 'tj', 'I_R', 'J', 'u:', 'z']
stewardship , /sʈuːəɖʃɪp/ , ['s', 't`', 'u:', '@', 'd`', 'S', 'I_R', 'p']
solutions , /sɔluːʃɔnz/ , ['s', 'O_R', 'l', 'u:_R', 'S', 'O_R', 'n_R', 'z']
preservation , /prɛzəʋeːʃən/ , ['p', 'r', 'E_F', 'z', '@', 'v\\', 'e:_R', 'S', '@', 'n_R']
communities , /kəmʲuːɲɪtʲiz/ , ['k', '@', 'mj', 'u:', 'J', 'I_R', 'tj', 'i_R', 'z']
tourism , /ʈɔːrɪzəm/ , ['t`', 'O:', 'r', 'I_R', 'z', '@', 'm_R']
treatments , /tritmɛnts/ , ['t', 'r', 'i_R', 't', 'm_R', 'E_F', 'n_R', 't', 's']
system , /sɪstəm/ , ['s', 'I_R', 's', 't', '@', 'm_R']
information , /infɔmeʃɔn/ , ['i_R', 'n_R', 'f', 'O_R', 'm_R', 'e_R', 'S', 'O_R', 'n_R']
needs , /ɲiːdz/ , ['J', 'i:_R', 'd', 'z']
successful , /səksɛsfəl/ , ['s', '@', 'k', 's', 'E_F', 's', 'f', '@', 'l']
alright , /ɔɫraɪt/ , ['O', '5_R', 'r', 'aj', 't']
solutions , /sɔluːʃɔnz/ , ['s', 'O_R', 'l', 'u:_R', 'S', 'O_R', 'n_R', 'z']
supportive , /səpɔːtʲɪʋ/ , ['s', '@', 'p', 'O:', 'tj', 'I_R', 'v\\']
prism , /prizam/ , ['p', 'r', 'i_R', 'z', 'a_F', 'm_R']
dynamic , /daɪnamʲik/ , ['d', 'aj', 'n_R', 'a_F', 'mj', 'i_R', 'k']
catalyst , /cætəʎɪst/ , ['c', '{', 't', '@', 'L', 'I_R', 's', 't']
bohemian , /bouiːmʲiən/ , ['b', 'ow', 'i:_R', 'mj', 'i_R', '@', 'n_R']
incorporate , /ɪŋkɔːpərəʈ/ , ['I_R', 'N', 'k', 'O:', 'p', '@', 'r', '@', 't`']
priceless , /praɪsləs/ , ['p', 'r', 'aj', 's', 'l', '@', 's']
sandwiches , /sandwɪt̠ʃɪz/ , ['s', 'a_F', 'n_R', 'd', 'w', 'I_R', 'tS', 'I_R', 'z']
attractions , /atracʃɔnz/ , ['a_F', 't', 'r', 'a_F', 'c', 'S', 'O_R', 'n_R', 'z']
atmosphere , /atmasfʲia/ , ['a_F', 't', 'm_R', 'a_F', 's', 'fj', 'i_R', 'a_F']
strategies , /stratəd̠ʒiz/ , ['s', 't', 'r', 'a_F', 't', '@', 'dZ', 'i_R', 'z']
worldwide , /ʋəlɖʋaɪɖ/ , ['v\\', '@', 'l', 'd`', 'v\\', 'aj', 'd`']
travelers , /travalaz/ , ['t', 'r', 'a_F', 'v', 'a_F', 'l', 'a_F', 'z']
tourism , /ʈɔːrɪzəm/ , ['t`', 'O:', 'r', 'I_R', 'z', '@', 'm_R']
recovery , /rɪkəʋəri/ , ['r', 'I_R', 'k', '@', 'v\\', '@', 'r', 'i_R']
traditions , /tradʲiʃɔnz/ , ['t', 'r', 'a_F', 'dj', 'i_R', 'S', 'O_R', 'n_R', 'z']
requires , /rɪkʷaɪəz/ , ['r', 'I_R', 'kw', 'aj', '@', 'z']
travel , /travəɫ/ , ['t', 'r', 'a_F', 'v', '@', '5_R']
updated , /ɐpdeitʲɪd/ , ['6', 'p', 'd', 'ej', 'tj', 'I_R', 'd']
productive , /prɔdɔktʲiv/ , ['p', 'r', 'O_R', 'd', 'O_R', 'k', 'tj', 'i_R', 'v']
process , /prɑsɛs/ , ['p', 'r', 'A', 's', 'E_F', 's']
godfather , /ɡɑdfɑðə/ , ['g', 'A', 'd', 'f', 'A', 'D', '@']
appointment , /apʰoɪntmɛnt/ , ['a_F', 'ph', 'oj', 'n_R', 't', 'm_R', 'E_F', 'n_R', 't']
contract , /kɔnʈrakʈ/ , ['k', 'O', 'n_R', 't`', 'r', 'a_F', 'k', 't`']
along , /alɔŋɡ/ , ['a_F', 'l', 'O_R', 'N', 'g']
company , /kəmpəɲi/ , ['k', '@', 'm_R', 'p', '@', 'J', 'i_R']
profession , /prɔfɛʃɔn/ , ['p', 'r', 'O_R', 'f', 'E_F', 'S', 'O_R', 'n_R']
achievements , /at̠ʃiːvmɛnts/ , ['a_F', 'tS', 'i:_R', 'v', 'm_R', 'E_F', 'n_R', 't', 's']
sunlight , /sɐnlaɪt/ , ['s', '6', 'n_R', 'l', 'aj', 't']
performance , /pəfɔməns/ , ['p', '@', 'f', 'O', 'm_R', '@', 'n_R', 's']
colleagues , /kɔʎiːɡz/ , ['k', 'O', 'L', 'i:_R', 'g', 'z']
stylish , /staɪʎiʃ/ , ['s', 't', 'aj', 'L', 'i_R', 'S']
direction , /daɪrɛcʃɔn/ , ['d', 'aj', 'r', 'E_F', 'c', 'S', 'O_R', 'n_R']
manhattan , /manhatan/ , ['m_R', 'a_F', 'n_R', 'h', 'a_F', 't', 'a_F', 'n_R']
suspense , /səspɛns/ , ['s', '@', 's', 'p', 'E_F', 'n_R', 's']
languages , /laɲɲid̠ʒɛz/ , ['l', 'a_F', 'J', 'J', 'i_R', 'dZ', 'E_F', 'z']
tradition , /tradʲiʃɔn/ , ['t', 'r', 'a_F', 'dj', 'i_R', 'S', 'O_R', 'n_R']
festivals , /fɛstəvəɫz/ , ['f', 'E_F', 's', 't', '@', 'v', '@', '5_R', 'z']
integrity , /ɪnʈɛɡrɪtʲi/ , ['I_R', 'n_R', 't`', 'E_F', 'g', 'r', 'I_R', 'tj', 'i_R']
pandemic , /panɖɛmʲɪk/ , ['p', 'a_F', 'n_R', 'd`', 'E_F', 'mj', 'I_R', 'k']
streamlined , /sʈriːmlaɪnɖ/ , ['s', 't`', 'r', 'i:_R', 'm_R', 'l', 'aj', 'n_R', 'd`']
revolution , /rɛvɔluːʃɔn/ , ['r', 'E_F', 'v', 'O_R', 'l', 'u:_R', 'S', 'O_R', 'n_R']
creative , /crietʲiv/ , ['c', 'r', 'i_R', 'e_R', 'tj', 'i_R', 'v']
productive , /prɔdɔktʲiv/ , ['p', 'r', 'O_R', 'd', 'O_R', 'k', 'tj', 'i_R', 'v']
revolution , /rɛvɔluːʃɔn/ , ['r', 'E_F', 'v', 'O_R', 'l', 'u:_R', 'S', 'O_R', 'n_R']
typography , /ʈaɪpɔɡrəfʲi/ , ['t`', 'aj', 'p', 'O', 'g', 'r', '@', 'fj', 'i_R']
treatments , /tritmɛnts/ , ['t', 'r', 'i_R', 't', 'm_R', 'E_F', 'n_R', 't', 's']
president , /prɛzdənt/ , ['p', 'r', 'E_F', 'z', 'd', '@', 'n_R', 't']
vacation , /vaceʃɔn/ , ['v', 'a_F', 'c', 'e_R', 'S', 'O_R', 'n_R']
december , /dɛsɛmba/ , ['d', 'E_F', 's', 'E_F', 'm_R', 'b', 'a_F']
encourages , /ɛŋkɔrid̠ʒɛz/ , ['E_F', 'N', 'k', 'O_R', 'r', 'i_R', 'dZ', 'E_F', 'z']
challenging , /t̠ʃalənd̠ʒɪŋ/ , ['tS', 'a_F', 'l', '@', 'n_R', 'dZ', 'I_R', 'N']
techniques , /ʈɛkniːks/ , ['t`', 'E_F', 'k', 'n_R', 'i:_R', 'k', 's']
comfortable , /kəmfəʈəbəl/ , ['k', '@', 'm_R', 'f', '@', 't`', '@', 'b', '@', 'l']
colorful , /kələfəl/ , ['k', '@', 'l', '@', 'f', '@', 'l']
suspense , /səspɛns/ , ['s', '@', 's', 'p', 'E_F', 'n_R', 's']
horizons , /hɔraɪzənz/ , ['h', 'O', 'r', 'aj', 'z', '@', 'n_R', 'z']
korea , /kəriːə/ , ['k', '@', 'r', 'i:_R', '@']
registered , /rɛd̠ʒistad/ , ['r', 'E_F', 'dZ', 'i_R', 's', 't', 'a_F', 'd']
attraction , /atracʃɔn/ , ['a_F', 't', 'r', 'a_F', 'c', 'S', 'O_R', 'n_R']
leaves , /ʎiːvz/ , ['L', 'i:_R', 'v', 'z']
painting , /peːntʲɪŋ/ , ['p', 'e:_R', 'n_R', 'tj', 'I_R', 'N']
innovation , /inɔveʃɔn/ , ['i_R', 'n_R', 'O_R', 'v', 'e_R', 'S', 'O_R', 'n_R']
tourism , /ʈɔːrɪzəm/ , ['t`', 'O:', 'r', 'I_R', 'z', '@', 'm_R']
consulted , /kənsəltʲɪɖ/ , ['k', '@', 'n_R', 's', '@', 'l', 'tj', 'I_R', 'd`']
challenging , /t̠ʃalənd̠ʒɪŋ/ , ['tS', 'a_F', 'l', '@', 'n_R', 'dZ', 'I_R', 'N']
radiance , /redʲians/ , ['r', 'e_R', 'dj', 'i_R', 'a_F', 'n_R', 's']
established , /ɛstabʎiʃt/ , ['E_F', 's', 't', 'a_F', 'b', 'L', 'i_R', 'S', 't']
references , /rɛfərənsɪz/ , ['r', 'E_F', 'f', '@', 'r', '@', 'n_R', 's', 'I_R', 'z']
music , /mʲuzɪk/ , ['mj', 'u', 'z', 'I_R', 'k']
exposed , /ɛkspozd/ , ['E_F', 'k', 's', 'p', 'o', 'z', 'd']
important , /ɪmpɔːʈənʈ/ , ['I_R', 'm_R', 'p', 'O:', 't`', '@', 'n_R', 't`']
calendar , /cæləndə/ , ['c', '{', 'l', '@', 'n_R', 'd', '@']
appointment , /apʰoɪntmɛnt/ , ['a_F', 'ph', 'oj', 'n_R', 't', 'm_R', 'E_F', 'n_R', 't']
positive , /pɔzɪtʲɪʋ/ , ['p', 'O', 'z', 'I_R', 'tj', 'I_R', 'v\\']
celebrating , /sɛləbreːtʲɪŋ/ , ['s', 'E_F', 'l', '@', 'b', 'r', 'e:_R', 'tj', 'I_R', 'N']
today , /ʈəɖeː/ , ['t`', '@', 'd`', 'e:_R']
interesting , /ɪnəəstʲɪŋ/ , ['I_R', 'n_R', '@', '@', 's', 'tj', 'I_R', 'N']
blueprint , /bluːprint/ , ['b', 'l', 'u:_R', 'p', 'r', 'i_R', 'n_R', 't']
millennium , /mʲɪlɛɲɪəm/ , ['mj', 'I_R', 'l', 'E_F', 'J', 'I_R', '@', 'm_R']
recommended , /rɛkɔmɛndɛd/ , ['r', 'E_F', 'k', 'O_R', 'm_R', 'E_F', 'n_R', 'd', 'E_F', 'd']
dynamic , /daɪnamʲik/ , ['d', 'aj', 'n_R', 'a_F', 'mj', 'i_R', 'k']
metaphors , /mɛtəfɔrz/ , ['m_R', 'E_F', 't', '@', 'f', 'O', 'r', 'z']
dimension , /daɪmɛnʃɔn/ , ['d', 'aj', 'm_R', 'E_F', 'n_R', 'S', 'O_R', 'n_R']
lemonade , /lɛmɔned/ , ['l', 'E_F', 'm_R', 'O_R', 'n_R', 'e_R', 'd']
marathon , /maraθun/ , ['m_R', 'a_F', 'r', 'a_F', 'T', 'u', 'n_R']
season , /siːzən/ , ['s', 'i:_R', 'z', '@', 'n_R']
tradition , /tradʲiʃɔn/ , ['t', 'r', 'a_F', 'dj', 'i_R', 'S', 'O_R', 'n_R']
traditional , /tradʲiʃɔnaɫ/ , ['t', 'r', 'a_F', 'dj', 'i_R', 'S', 'O_R', 'n_R', 'a_F', '5_R']
located , /lɔcetɛd/ , ['l', 'O_R', 'c', 'e_R', 't', 'E_F', 'd']
culture , /kəlt̠ʃə/ , ['k', '@', 'l', 'tS', '@']
involvement , /ɪnvɑɫvmənt/ , ['I_R', 'n_R', 'v', 'A', '5_R', 'v', 'm_R', '@', 'n_R', 't']
connection , /kənɛcʃən/ , ['k', '@', 'n_R', 'E_F', 'c', 'S', '@', 'n_R']
economies , /ɛkʰɔnɔmʲiz/ , ['E_F', 'kh', 'O_R', 'n_R', 'O_R', 'mj', 'i_R', 'z']
priorities , /praɪɔrɪtʲiz/ , ['p', 'r', 'aj', 'O', 'r', 'I_R', 'tj', 'i_R', 'z']
impact , /ɪmpakʈ/ , ['I_R', 'm_R', 'p', 'a_F', 'k', 't`']
demands , /dɛmandz/ , ['d', 'E_F', 'm_R', 'a_F', 'n_R', 'd', 'z']
industry , /ɪndɐstʲri/ , ['I_R', 'n_R', 'd', '6', 's', 'tj', 'r', 'i_R']
composing , /kəmpoːzɪŋ/ , ['k', '@', 'm_R', 'p', 'o:_R', 'z', 'I_R', 'N']
symphony , /simfɔɲi/ , ['s', 'i_R', 'm_R', 'f', 'O_R', 'J', 'i_R']
schedules , /scɛdʲuːɫz/ , ['s', 'c', 'E_F', 'dj', 'u:_R', '5_R', 'z']
professional , /prɔfɛʃɔnaɫ/ , ['p', 'r', 'O_R', 'f', 'E_F', 'S', 'O_R', 'n_R', 'a_F', '5_R']
clinic , /cʎiɲik/ , ['c', 'L', 'i_R', 'J', 'i_R', 'k']
dimension , /daɪmɛnʃɔn/ , ['d', 'aj', 'm_R', 'E_F', 'n_R', 'S', 'O_R', 'n_R']
economics , /ɛkɔnɔmʲiks/ , ['E_F', 'k', 'O_R', 'n_R', 'O_R', 'mj', 'i_R', 'k', 's']
requires , /rɪkʷaɪəz/ , ['r', 'I_R', 'kw', 'aj', '@', 'z']
scandals , /skandəɫz/ , ['s', 'k', 'a_F', 'n_R', 'd', '@', '5_R', 'z']
exposure , /ɛkspoʃa/ , ['E_F', 'k', 's', 'p', 'o', 'S', 'a_F']
maximum , /maksɪməm/ , ['m_R', 'a_F', 'k', 's', 'I_R', 'm_R', '@', 'm_R']
potential , /pəʈɛnʃəl/ , ['p', '@', 't`', 'E_F', 'n_R', 'S', '@', 'l']
business , /bʲizɲis/ , ['bj', 'i_R', 'z', 'J', 'i_R', 's']
company , /kəmpəɲi/ , ['k', '@', 'm_R', 'p', '@', 'J', 'i_R']
closest , /klousɪst/ , ['k', 'l', 'ow', 's', 'I_R', 's', 't']
shortly , /ʃɔrtʎi/ , ['S', 'O', 'r', 't', 'L', 'i_R']
now , /naʊ/ , ['n_R', 'aw']
manager , /maɲid̠ʒa/ , ['m_R', 'a_F', 'J', 'i_R', 'dZ', 'a_F']
actually , /akʈuəʎi/ , ['a_F', 'k', 't`', 'u', '@', 'L', 'i_R']
everything , /ɛriθɪŋ/ , ['E_F', 'r', 'i_R', 'T', 'I_R', 'N']
repetitive , /rɪpɛtʲɪtʲɪʋ/ , ['r', 'I_R', 'p', 'E_F', 'tj', 'I_R', 'tj', 'I_R', 'v\\']
constructive , /kənsʈrəktʲɪʋ/ , ['k', '@', 'n_R', 's', 't`', 'r', '@', 'k', 'tj', 'I_R', 'v\\']
seniors , /siɲəz/ , ['s', 'i_R', 'J', '@', 'z']
dynamic , /daɪnamʲik/ , ['d', 'aj', 'n_R', 'a_F', 'mj', 'i_R', 'k']
reflected , /riflɛktɛd/ , ['r', 'i_R', 'f', 'l', 'E_F', 'k', 't', 'E_F', 'd']
seniors , /siɲəz/ , ['s', 'i_R', 'J', '@', 'z']
together , /ʈəɡɛdə/ , ['t`', '@', 'g', 'E_F', 'd', '@']
dominating , /dɑməɲeitʲɪŋ/ , ['d', 'A', 'm_R', '@', 'J', 'ej', 'tj', 'I_R', 'N']
functional , /fɐɲct̠ʃənəɫ/ , ['f', '6', 'J', 'c', 'tS', '@', 'n_R', '@', '5_R']
downtown , /daʊntʰaʊn/ , ['d', 'aw', 'n_R', 'th', 'aw', 'n_R']
seoul , /souɫ/ , ['s', 'ow', '5_R']
convenient , /kəmʋiːɲiənʈ/ , ['k', '@', 'm_R', 'v\\', 'i:_R', 'J', 'i_R', '@', 'n_R', 't`']
skyline , /scaɪlaɪn/ , ['s', 'c', 'aj', 'l', 'aj', 'n_R']
carvings , /kɑːʋɪŋz/ , ['k', 'A:_R', 'v\\', 'I_R', 'N', 'z']
incredible , /ɪɲcrɛdʲɪbəɫ/ , ['I_R', 'J', 'c', 'r', 'E_F', 'dj', 'I_R', 'b', '@', '5_R']
strengthens , /strɛŋθənz/ , ['s', 't', 'r', 'E_F', 'N', 'T', '@', 'n_R', 'z']
luxury , /lɐcʃəri/ , ['l', '6', 'c', 'S', '@', 'r', 'i_R']
research , /risaːt̠ʃ/ , ['r', 'i_R', 's', 'a:', 'tS']
project , /prɑd̠ʒɛkt/ , ['p', 'r', 'A', 'dZ', 'E_F', 'k', 't']
economics , /ɛkɔnɔmʲiks/ , ['E_F', 'k', 'O_R', 'n_R', 'O_R', 'mj', 'i_R', 'k', 's']
valuable , /valuabʊɫ/ , ['v', 'a_F', 'l', 'u', 'a_F', 'b', 'U_R', '5_R']
maintaining , /mantʰeɲiŋɡ/ , ['m_R', 'a_F', 'n_R', 'th', 'e_R', 'J', 'i_R', 'N', 'g']
focus , /foukəs/ , ['f', 'ow', 'k', '@', 's']
appreciate , /apriʃiet/ , ['a_F', 'p', 'r', 'i_R', 'S', 'i_R', 'e_R', 't']
architect , /acitʰɛkt/ , ['a_F', 'c', 'i_R', 'th', 'E_F', 'k', 't']
stationary , /steʃɔnari/ , ['s', 't', 'e_R', 'S', 'O_R', 'n_R', 'a_F', 'r', 'i_R']
organized , /ɔrɡənaɪzd/ , ['O', 'r', 'g', '@', 'n_R', 'aj', 'z', 'd']
performance , /pəfɔməns/ , ['p', '@', 'f', 'O', 'm_R', '@', 'n_R', 's']
included , /ɪɲcʎuːdʲɪd/ , ['I_R', 'J', 'c', 'L', 'u:', 'dj', 'I_R', 'd']
collection , /kəlɛcʃən/ , ['k', '@', 'l', 'E_F', 'c', 'S', '@', 'n_R']
appreciate , /apriʃiet/ , ['a_F', 'p', 'r', 'i_R', 'S', 'i_R', 'e_R', 't']
apparel , /apʰarɛɫ/ , ['a_F', 'ph', 'a_F', 'r', 'E_F', '5_R']
picnics , /pɪcɲɪks/ , ['p', 'I_R', 'c', 'J', 'I_R', 'k', 's']
suspense , /səspɛns/ , ['s', '@', 's', 'p', 'E_F', 'n_R', 's']
latitude , /latʲɪʈuːɖ/ , ['l', 'a_F', 'tj', 'I_R', 't`', 'u:', 'd`']
specific , /spəsɪfʲɪk/ , ['s', 'p', '@', 's', 'I_R', 'fj', 'I_R', 'k']
thousands , /taʊzənɖz/ , ['t', 'aw', 'z', '@', 'n_R', 'd`', 'z']
gardens , /ɡadɛnz/ , ['g', 'a_F', 'd', 'E_F', 'n_R', 'z']
galleries , /ɡaləriz/ , ['g', 'a_F', 'l', '@', 'r', 'i_R', 'z']
culture , /kəlt̠ʃə/ , ['k', '@', 'l', 'tS', '@']
pyramids , /pɪrəmʲɪɖz/ , ['p', 'I_R', 'r', '@', 'mj', 'I_R', 'd`', 'z']
detailed , /dɛtʰeɫd/ , ['d', 'E_F', 'th', 'e_R', '5_R', 'd']
exploring , /ɛksplɔːrɪŋ/ , ['E_F', 'k', 's', 'p', 'l', 'O:', 'r', 'I_R', 'N']
refreshing , /rəfrɛʃɪŋ/ , ['r', '@', 'f', 'r', 'E_F', 'S', 'I_R', 'N']
tourism , /ʈɔːrɪzəm/ , ['t`', 'O:', 'r', 'I_R', 'z', '@', 'm_R']
encourages , /ɛŋkɔrid̠ʒɛz/ , ['E_F', 'N', 'k', 'O_R', 'r', 'i_R', 'dZ', 'E_F', 'z']
strategies , /stratəd̠ʒiz/ , ['s', 't', 'r', 'a_F', 't', '@', 'dZ', 'i_R', 'z']
control , /kənʈroːl/ , ['k', '@', 'n_R', 't`', 'r', 'o:_R', 'l']
project , /prɑd̠ʒɛkt/ , ['p', 'r', 'A', 'dZ', 'E_F', 'k', 't']
focused , /foukəst/ , ['f', 'ow', 'k', '@', 's', 't']
rapidly , /rapɪdʲʎi/ , ['r', 'a_F', 'p', 'I_R', 'dj', 'L', 'i_R']
productive , /prɔdɔktʲiv/ , ['p', 'r', 'O_R', 'd', 'O_R', 'k', 'tj', 'i_R', 'v']
authority , /ɔːtɔrɪtʲi/ , ['O:', 't', 'O', 'r', 'I_R', 'tj', 'i_R']
quality , /kʷaʎitʲi/ , ['kw', 'a_F', 'L', 'i_R', 'tj', 'i_R']
nutrient , /ɲuːtriɛnt/ , ['J', 'u:_R', 't', 'r', 'i_R', 'E_F', 'n_R', 't']
relevant , /rɛləvənt/ , ['r', 'E_F', 'l', '@', 'v', '@', 'n_R', 't']
investment , /ɪnvɛsmənt/ , ['I_R', 'n_R', 'v', 'E_F', 's', 'm_R', '@', 'n_R', 't']
decision , /dɛsiʃɔn/ , ['d', 'E_F', 's', 'i_R', 'S', 'O_R', 'n_R']
actually , /akʈuəʎi/ , ['a_F', 'k', 't`', 'u', '@', 'L', 'i_R']
updated , /ɐpdeitʲɪd/ , ['6', 'p', 'd', 'ej', 'tj', 'I_R', 'd']
personally , /pəsnəʎi/ , ['p', '@', 's', 'n_R', '@', 'L', 'i_R']
alright , /ɔɫraɪt/ , ['O', '5_R', 'r', 'aj', 't']
routine , /ruːʈiːn/ , ['r', 'u:', 't`', 'i:_R', 'n_R']
flexible , /flɛksəbəl/ , ['f', 'l', 'E_F', 'k', 's', '@', 'b', '@', 'l']
approach , /aprot̠ʃ/ , ['a_F', 'p', 'r', 'o', 'tS']
milestones , /maɪɫstounz/ , ['m_R', 'aj', '5_R', 's', 't', 'ow', 'n_R', 'z']
decided , /dɛsaɪdɛd/ , ['d', 'E_F', 's', 'aj', 'd', 'E_F', 'd']
collection , /kəlɛcʃən/ , ['k', '@', 'l', 'E_F', 'c', 'S', '@', 'n_R']
library , /laɪbrari/ , ['l', 'aj', 'b', 'r', 'a_F', 'r', 'i_R']
objects , /ɔbd̠ʒɛks/ , ['O', 'b', 'dZ', 'E_F', 'k', 's']
animation , /aɲimeʃɔn/ , ['a_F', 'J', 'i_R', 'm_R', 'e_R', 'S', 'O_R', 'n_R']
touchscreen , /ʈət̠ʃscriːn/ , ['t`', '@', 'tS', 's', 'c', 'r', 'i:_R', 'n_R']
teenagers , /ʈiːɲeːd̠ʒəz/ , ['t`', 'i:_R', 'J', 'e:_R', 'dZ', '@', 'z']
stories , /stɔːriz/ , ['s', 't', 'O:', 'r', 'i_R', 'z']
simplest , /simpalɛst/ , ['s', 'i_R', 'm_R', 'p', 'a_F', 'l', 'E_F', 's', 't']
future , /fʲuːt̠ʃa/ , ['fj', 'u:_R', 'tS', 'a_F']
historic , /çɪstɔrɪk/ , ['C', 'I_R', 's', 't', 'O', 'r', 'I_R', 'k']
tropical , /trɔpɪkəɫ/ , ['t', 'r', 'O', 'p', 'I_R', 'k', '@', '5_R']
location , /louceiʃən/ , ['l', 'ow', 'c', 'ej', 'S', '@', 'n_R']
region , /riːd̠ʒɔn/ , ['r', 'i:_R', 'dZ', 'O_R', 'n_R']
palaces , /paʎɪsɪz/ , ['p', 'a_F', 'L', 'I_R', 's', 'I_R', 'z']
gardens , /ɡadɛnz/ , ['g', 'a_F', 'd', 'E_F', 'n_R', 'z']
palaces , /paʎɪsɪz/ , ['p', 'a_F', 'L', 'I_R', 's', 'I_R', 'z']
amazing , /ameziŋɡ/ , ['a_F', 'm_R', 'e_R', 'z', 'i_R', 'N', 'g']
castle , /cæsəɫ/ , ['c', '{', 's', '@', '5_R']
forever , /fɔrɛva/ , ['f', 'O_R', 'r', 'E_F', 'v', 'a_F']
tourism , /ʈɔːrɪzəm/ , ['t`', 'O:', 'r', 'I_R', 'z', '@', 'm_R']
analytics , /anaʎitʲiks/ , ['a_F', 'n_R', 'a_F', 'L', 'i_R', 'tj', 'i_R', 'k', 's']
language , /laɲɲid̠ʒ/ , ['l', 'a_F', 'J', 'J', 'i_R', 'dZ']
redefined , /riːdʲiːfaɪnd/ , ['r', 'i:_R', 'dj', 'i:_R', 'f', 'aj', 'n_R', 'd']
culture , /kəlt̠ʃə/ , ['k', '@', 'l', 'tS', '@']
essential , /ɛsɛnʃaɫ/ , ['E_F', 's', 'E_F', 'n_R', 'S', 'a_F', '5_R']
workflow , /ʋəkfloː/ , ['v\\', '@', 'k', 'f', 'l', 'o:_R']
flexible , /flɛksəbəl/ , ['f', 'l', 'E_F', 'k', 's', '@', 'b', '@', 'l']
teachers , /ʈiːt̠ʃəz/ , ['t`', 'i:_R', 'tS', '@', 'z']
faster , /fasta/ , ['f', 'a_F', 's', 't', 'a_F']
easier , /iːzia/ , ['i:_R', 'z', 'i_R', 'a_F']
temporary , /ʈɛmpərəri/ , ['t`', 'E_F', 'm_R', 'p', '@', 'r', '@', 'r', 'i_R']
testing , /ʈɛstʲɪŋ/ , ['t`', 'E_F', 's', 'tj', 'I_R', 'N']
earliest , /aːʎiast/ , ['a:', 'L', 'i_R', 'a_F', 's', 't']
oxide , /ɑksaɪd/ , ['A', 'k', 's', 'aj', 'd']
actually , /akʈuəʎi/ , ['a_F', 'k', 't`', 'u', '@', 'L', 'i_R']
about , /abaʊt/ , ['a_F', 'b', 'aw', 't']
contract , /kɔnʈrakʈ/ , ['k', 'O', 'n_R', 't`', 'r', 'a_F', 'k', 't`']
plan , /plan/ , ['p', 'l', 'a_F', 'n_R']
trip , /trip/ , ['t', 'r', 'i_R', 'p']
difference , /dʲɪfərəns/ , ['dj', 'I_R', 'f', '@', 'r', '@', 'n_R', 's']
maintaining , /mantʰeɲiŋɡ/ , ['m_R', 'a_F', 'n_R', 'th', 'e_R', 'J', 'i_R', 'N', 'g']
climax , /klaɪmaks/ , ['k', 'l', 'aj', 'm_R', 'a_F', 'k', 's']
uploaded , /ɐploudʲɪd/ , ['6', 'p', 'l', 'ow', 'dj', 'I_R', 'd']
forest , /fɔrɪst/ , ['f', 'O', 'r', 'I_R', 's', 't']
technique , /ʈɛcɲiːk/ , ['t`', 'E_F', 'c', 'J', 'i:_R', 'k']
teenagers , /ʈiːɲeːd̠ʒəz/ , ['t`', 'i:_R', 'J', 'e:_R', 'dZ', '@', 'z']
manual , /maɲuaɫ/ , ['m_R', 'a_F', 'J', 'u', 'a_F', '5_R']
scenario , /sinario/ , ['s', 'i_R', 'n_R', 'a_F', 'r', 'i_R', 'o']
teenagers , /ʈiːɲeːd̠ʒəz/ , ['t`', 'i:_R', 'J', 'e:_R', 'dZ', '@', 'z']
style , /staɪɫ/ , ['s', 't', 'aj', '5_R']
created , /crietɛd/ , ['c', 'r', 'i_R', 'e_R', 't', 'E_F', 'd']
theatrical , /tiaʈrɪkəl/ , ['t', 'i_R', 'a_F', 't`', 'r', 'I_R', 'k', '@', 'l']
arguments , /aɟʊmɛnts/ , ['a_F', 'gj', 'U_R', 'm_R', 'E_F', 'n_R', 't', 's']
trendy , /trɛndʲi/ , ['t', 'r', 'E_F', 'n_R', 'dj', 'i_R']
uniquely , /juɲɪcʎi/ , ['j_R', 'u', 'J', 'I_R', 'c', 'L', 'i_R']
wardrobe , /ʋɔːɖroːb/ , ['v\\', 'O:', 'd`', 'r', 'o:_R', 'b']
created , /crietɛd/ , ['c', 'r', 'i_R', 'e_R', 't', 'E_F', 'd']
regions , /riːd̠ʒɔnz/ , ['r', 'i:_R', 'dZ', 'O_R', 'n_R', 'z']
neighborhood , /nebɔhʊd/ , ['n_R', 'e_R', 'b', 'O_R', 'h', 'U_R', 'd']
downtown , /daʊntʰaʊn/ , ['d', 'aw', 'n_R', 'th', 'aw', 'n_R']
palaces , /paʎɪsɪz/ , ['p', 'a_F', 'L', 'I_R', 's', 'I_R', 'z']
popular , /pɔpʲʊlə/ , ['p', 'O', 'pj', 'U_R', 'l', '@']
culture , /kəlt̠ʃə/ , ['k', '@', 'l', 'tS', '@']
attracts , /atraks/ , ['a_F', 't', 'r', 'a_F', 'k', 's']
incredible , /ɪɲcrɛdʲɪbəɫ/ , ['I_R', 'J', 'c', 'r', 'E_F', 'dj', 'I_R', 'b', '@', '5_R']
temples , /ʈɛmpəlz/ , ['t`', 'E_F', 'm_R', 'p', '@', 'l', 'z']
silence , /saɪləns/ , ['s', 'aj', 'l', '@', 'n_R', 's']
mekong , /mʲiːkɔŋ/ , ['mj', 'i:_R', 'k', 'O', 'N']
strengthens , /strɛŋθənz/ , ['s', 't', 'r', 'E_F', 'N', 'T', '@', 'n_R', 'z']
traditional , /tradʲiʃɔnaɫ/ , ['t', 'r', 'a_F', 'dj', 'i_R', 'S', 'O_R', 'n_R', 'a_F', '5_R']
policies , /pəʎiːsiz/ , ['p', '@', 'L', 'i:_R', 's', 'i_R', 'z']
communities , /kəmʲuːɲɪtʲiz/ , ['k', '@', 'mj', 'u:', 'J', 'I_R', 'tj', 'i_R', 'z']
supports , /səpɔːʈs/ , ['s', '@', 'p', 'O:', 't`', 's']
directly , /daɪrɛktʎi/ , ['d', 'aj', 'r', 'E_F', 'k', 't', 'L', 'i_R']
dominate , /dɔməɲeit/ , ['d', 'O', 'm_R', '@', 'J', 'ej', 't']
feedback , /fʲiːdbak/ , ['fj', 'i:_R', 'd', 'b', 'a_F', 'k']
employees , /ɛmploɪiːz/ , ['E_F', 'm_R', 'p', 'l', 'oj', 'i:_R', 'z']
injection , /ind̠ʒɛcʃɔn/ , ['i_R', 'n_R', 'dZ', 'E_F', 'c', 'S', 'O_R', 'n_R']
induction , /ɪndɐcʃən/ , ['I_R', 'n_R', 'd', '6', 'c', 'S', '@', 'n_R']
interested , /ɪnərɛstʲɪd/ , ['I_R', 'n_R', '@', 'r', 'E_F', 's', 'tj', 'I_R', 'd']
design , /dɛzaɪn/ , ['d', 'E_F', 'z', 'aj', 'n_R']
design , /dɛzaɪn/ , ['d', 'E_F', 'z', 'aj', 'n_R']
becoming , /bəkʰɐmʲɪŋ/ , ['b', '@', 'kh', '6', 'mj', 'I_R', 'N']
culture , /kəlt̠ʃə/ , ['k', '@', 'l', 'tS', '@']
background , /bakɡraʊnd/ , ['b', 'a_F', 'k', 'g', 'r', 'aw', 'n_R', 'd']
scheduled , /scɛd̠ʒuəɫd/ , ['s', 'c', 'E_F', 'dZ', 'u', '@', '5_R', 'd']
celebrate , /sɛləbreːʈ/ , ['s', 'E_F', 'l', '@', 'b', 'r', 'e:_R', 't`']
morale , /mɔraɫ/ , ['m_R', 'O_R', 'r', 'a_F', '5_R']
illuminate , /ɪʎumʲɪɲeit/ , ['I_R', 'L', 'u', 'mj', 'I_R', 'J', 'ej', 't']
surprise , /səpraɪz/ , ['s', '@', 'p', 'r', 'aj', 'z']
connection , /kənɛcʃən/ , ['k', '@', 'n_R', 'E_F', 'c', 'S', '@', 'n_R']
connection , /kənɛcʃən/ , ['k', '@', 'n_R', 'E_F', 'c', 'S', '@', 'n_R']
scenario , /sinario/ , ['s', 'i_R', 'n_R', 'a_F', 'r', 'i_R', 'o']
momentum , /moumɛntəm/ , ['m_R', 'ow', 'm_R', 'E_F', 'n_R', 't', '@', 'm_R']
knowledge , /nɑʎɪd̠ʒ/ , ['n_R', 'A', 'L', 'I_R', 'dZ']
teenagers , /ʈiːɲeːd̠ʒəz/ , ['t`', 'i:_R', 'J', 'e:_R', 'dZ', '@', 'z']
systems , /sɪstəmz/ , ['s', 'I_R', 's', 't', '@', 'm_R', 'z']
protect , /prɔtʰɛkt/ , ['p', 'r', 'O_R', 'th', 'E_F', 'k', 't']
restoring , /rɛstɔriŋɡ/ , ['r', 'E_F', 's', 't', 'O_R', 'r', 'i_R', 'N', 'g']
teenagers , /ʈiːɲeːd̠ʒəz/ , ['t`', 'i:_R', 'J', 'e:_R', 'dZ', '@', 'z']
illuminate , /ɪʎumʲɪɲeit/ , ['I_R', 'L', 'u', 'mj', 'I_R', 'J', 'ej', 't']
popular , /pɔpʲʊlə/ , ['p', 'O', 'pj', 'U_R', 'l', '@']
eclectic , /ɛcʎɛktʲik/ , ['E_F', 'c', 'L', 'E_F', 'k', 'tj', 'i_R', 'k']
highlighted , /haɪlaɪtɛd/ , ['h', 'aj', 'l', 'aj', 't', 'E_F', 'd']
gardens , /ɡadɛnz/ , ['g', 'a_F', 'd', 'E_F', 'n_R', 'z']
attractive , /atraktʲiv/ , ['a_F', 't', 'r', 'a_F', 'k', 'tj', 'i_R', 'v']
located , /lɔcetɛd/ , ['l', 'O_R', 'c', 'e_R', 't', 'E_F', 'd']
beautiful , /bʲuːtʲɪfəɫ/ , ['bj', 'u:', 'tj', 'I_R', 'f', '@', '5_R']
sahara , /sahara/ , ['s', 'a_F', 'h', 'a_F', 'r', 'a_F']
travel , /travəɫ/ , ['t', 'r', 'a_F', 'v', '@', '5_R']
management , /manad̠ʒmɛnt/ , ['m_R', 'a_F', 'n_R', 'a_F', 'dZ', 'm_R', 'E_F', 'n_R', 't']
enhances , /ɛnhansɛz/ , ['E_F', 'n_R', 'h', 'a_F', 'n_R', 's', 'E_F', 'z']
region , /riːd̠ʒɔn/ , ['r', 'i:_R', 'dZ', 'O_R', 'n_R']
understand , /ɐndəstand/ , ['6', 'n_R', 'd', '@', 's', 't', 'a_F', 'n_R', 'd']
programs , /prouɡramz/ , ['p', 'r', 'ow', 'g', 'r', 'a_F', 'm_R', 'z']
startup , /stɑrtʰɐp/ , ['s', 't', 'A', 'r', 'th', '6', 'p']
passions , /paʃənz/ , ['p', 'a_F', 'S', '@', 'n_R', 'z']
software , /sɔfʈʋɛː/ , ['s', 'O', 'f', 't`', 'v\\', 'E:']
encouraged , /ɛŋkɔrid̠ʒd/ , ['E_F', 'N', 'k', 'O_R', 'r', 'i_R', 'dZ', 'd']
produces , /prɔdʲuːsɛz/ , ['p', 'r', 'O_R', 'dj', 'u:_R', 's', 'E_F', 'z']
effective , /ɛfɛktʲiv/ , ['E_F', 'f', 'E_F', 'k', 'tj', 'i_R', 'v']
company , /kəmpəɲi/ , ['k', '@', 'm_R', 'p', '@', 'J', 'i_R']
sam , /sam/ , ['s', 'a_F', 'm_R']
sam , /sam/ , ['s', 'a_F', 'm_R']
station , /steʃɔn/ , ['s', 't', 'e_R', 'S', 'O_R', 'n_R']
productive , /prɔdɔktʲiv/ , ['p', 'r', 'O_R', 'd', 'O_R', 'k', 'tj', 'i_R', 'v']
arriving , /araɪvʲiŋɡ/ , ['a_F', 'r', 'aj', 'vj', 'i_R', 'N', 'g']
program , /prouɡram/ , ['p', 'r', 'ow', 'g', 'r', 'a_F', 'm_R']
momentum , /moumɛntəm/ , ['m_R', 'ow', 'm_R', 'E_F', 'n_R', 't', '@', 'm_R']
reflected , /riflɛktɛd/ , ['r', 'i_R', 'f', 'l', 'E_F', 'k', 't', 'E_F', 'd']
preparing , /prɪpɛːrɪŋ/ , ['p', 'r', 'I_R', 'p', 'E:', 'r', 'I_R', 'N']
addition , /adʲiʃɔn/ , ['a_F', 'dj', 'i_R', 'S', 'O_R', 'n_R']
passwords , /pɑːsʋəɖz/ , ['p', 'A:_R', 's', 'v\\', '@', 'd`', 'z']
plastic , /plastʲik/ , ['p', 'l', 'a_F', 's', 'tj', 'i_R', 'k']
haven , /çevɛn/ , ['C', 'e_R', 'v', 'E_F', 'n_R']
latitude , /latʲɪʈuːɖ/ , ['l', 'a_F', 'tj', 'I_R', 't`', 'u:', 'd`']
attending , /atʰɛɲdʲiŋɡ/ , ['a_F', 'th', 'E_F', 'J', 'dj', 'i_R', 'N', 'g']
climbers , /klaɪməɾz/ , ['k', 'l', 'aj', 'm_R', '@', '4', 'z']
palace , /paʎɪs/ , ['p', 'a_F', 'L', 'I_R', 's']
attractive , /atraktʲiv/ , ['a_F', 't', 'r', 'a_F', 'k', 'tj', 'i_R', 'v']
season , /siːzən/ , ['s', 'i:_R', 'z', '@', 'n_R']
ceremony , /sɛrəmouɲi/ , ['s', 'E_F', 'r', '@', 'm_R', 'ow', 'J', 'i_R']
beautiful , /bʲuːtʲɪfəɫ/ , ['bj', 'u:', 'tj', 'I_R', 'f', '@', '5_R']
iconic , /aɪkɔɲɪk/ , ['aj', 'k', 'O', 'J', 'I_R', 'k']
photos , /foutouz/ , ['f', 'ow', 't', 'ow', 'z']
dominate , /dɔməɲeit/ , ['d', 'O', 'm_R', '@', 'J', 'ej', 't']
powerful , /paʊəfəl/ , ['p', 'aw', '@', 'f', '@', 'l']
essential , /ɛsɛnʃaɫ/ , ['E_F', 's', 'E_F', 'n_R', 'S', 'a_F', '5_R']
pipeline , /paɪplaɪn/ , ['p', 'aj', 'p', 'l', 'aj', 'n_R']
scientists , /saɪəntʲɪsts/ , ['s', 'aj', '@', 'n_R', 'tj', 'I_R', 's', 't', 's']
analysis , /anaʎisis/ , ['a_F', 'n_R', 'a_F', 'L', 'i_R', 's', 'i_R', 's']
upgraded , /ɐpɡreidʲɪd/ , ['6', 'p', 'g', 'r', 'ej', 'dj', 'I_R', 'd']
malware , /mɔːlʋɛː/ , ['m_R', 'O:', 'l', 'v\\', 'E:']
relevant , /rɛləvənt/ , ['r', 'E_F', 'l', '@', 'v', '@', 'n_R', 't']
deadlines , /dɛdlaɪnz/ , ['d', 'E_F', 'd', 'l', 'aj', 'n_R', 'z']
terminal , /ʈəmʲɪnəl/ , ['t`', '@', 'mj', 'I_R', 'n_R', '@', 'l']
distortion , /dʲɪstɔrʃən/ , ['dj', 'I_R', 's', 't', 'O', 'r', 'S', '@', 'n_R']
music , /mʲuzɪk/ , ['mj', 'u', 'z', 'I_R', 'k']
adapted , /adaptɛd/ , ['a_F', 'd', 'a_F', 'p', 't', 'E_F', 'd']
excessive , /ɛksɛsiv/ , ['E_F', 'k', 's', 'E_F', 's', 'i_R', 'v']
radiation , /redʲieʃɔn/ , ['r', 'e_R', 'dj', 'i_R', 'e_R', 'S', 'O_R', 'n_R']
impact , /ɪmpakʈ/ , ['I_R', 'm_R', 'p', 'a_F', 'k', 't`']
china , /t̠ʃaɪna/ , ['tS', 'aj', 'n_R', 'a_F']
incorporate , /ɪŋkɔːpərəʈ/ , ['I_R', 'N', 'k', 'O:', 'p', '@', 'r', '@', 't`']
important , /ɪmpɔːʈənʈ/ , ['I_R', 'm_R', 'p', 'O:', 't`', '@', 'n_R', 't`']
document , /dɑcʊmənt/ , ['d', 'A', 'c', 'U_R', 'm_R', '@', 'n_R', 't']
sure , /ʃɔː/ , ['S', 'O:']
coffee , /kɔfʲi/ , ['k', 'O', 'fj', 'i_R']
focused , /foukəst/ , ['f', 'ow', 'k', '@', 's', 't']
countries , /kənʈriz/ , ['k', '@', 'n_R', 't`', 'r', 'i_R', 'z']
reflected , /riflɛktɛd/ , ['r', 'i_R', 'f', 'l', 'E_F', 'k', 't', 'E_F', 'd']
athlete , /atʎiːʈ/ , ['a_F', 't', 'L', 'i:_R', 't`']
colors , /kələz/ , ['k', '@', 'l', '@', 'z']
detailed , /dɛtʰeɫd/ , ['d', 'E_F', 'th', 'e_R', '5_R', 'd']
teenagers , /ʈiːɲeːd̠ʒəz/ , ['t`', 'i:_R', 'J', 'e:_R', 'dZ', '@', 'z']
controls , /kənʈroːlz/ , ['k', '@', 'n_R', 't`', 'r', 'o:_R', 'l', 'z']
workshop , /ʋəcʃɔp/ , ['v\\', '@', 'c', 'S', 'O', 'p']
illuminate , /ɪʎumʲɪɲeit/ , ['I_R', 'L', 'u', 'mj', 'I_R', 'J', 'ej', 't']
creation , /crieiʃən/ , ['c', 'r', 'i_R', 'ej', 'S', '@', 'n_R']
furniture , /faːɲit̠ʃa/ , ['f', 'a:', 'J', 'i_R', 'tS', 'a_F']
reflected , /riflɛktɛd/ , ['r', 'i_R', 'f', 'l', 'E_F', 'k', 't', 'E_F', 'd']
subject , /sɐbd̠ʒɛkt/ , ['s', '6', 'b', 'dZ', 'E_F', 'k', 't']
creating , /criːetʲiŋɡ/ , ['c', 'r', 'i:_R', 'e_R', 'tj', 'i_R', 'N', 'g']
stylish , /staɪʎiʃ/ , ['s', 't', 'aj', 'L', 'i_R', 'S']
crispy , /crispʲi/ , ['c', 'r', 'i_R', 's', 'pj', 'i_R']
children , /t̠ʃɪɫdən/ , ['tS', 'I_R', '5_R', 'd', '@', 'n_R']
fashion , /faʃɔn/ , ['f', 'a_F', 'S', 'O_R', 'n_R']
lemonade , /lɛmɔned/ , ['l', 'E_F', 'm_R', 'O_R', 'n_R', 'e_R', 'd']
pompeii , /pɔmpeːi/ , ['p', 'O', 'm_R', 'p', 'e:_R', 'i_R']
empire , /ɛmpaɪə/ , ['E_F', 'm_R', 'p', 'aj', '@']
lively , /laɪvʎi/ , ['l', 'aj', 'v', 'L', 'i_R']
drink , /driŋk/ , ['d', 'r', 'i_R', 'N', 'k']
visiting , /vɪzɪtʲɪŋ/ , ['v', 'I_R', 'z', 'I_R', 'tj', 'I_R', 'N']
splendid , /splɛndɛd/ , ['s', 'p', 'l', 'E_F', 'n_R', 'd', 'E_F', 'd']
seoul , /souɫ/ , ['s', 'ow', '5_R']
palace , /paʎɪs/ , ['p', 'a_F', 'L', 'I_R', 's']
visiting , /vɪzɪtʲɪŋ/ , ['v', 'I_R', 'z', 'I_R', 'tj', 'I_R', 'N']
beautiful , /bʲuːtʲɪfəɫ/ , ['bj', 'u:', 'tj', 'I_R', 'f', '@', '5_R']
story , /stɔːri/ , ['s', 't', 'O:', 'r', 'i_R']
cultural , /kəlt̠ʃərəl/ , ['k', '@', 'l', 'tS', '@', 'r', '@', 'l']
management , /manad̠ʒmɛnt/ , ['m_R', 'a_F', 'n_R', 'a_F', 'dZ', 'm_R', 'E_F', 'n_R', 't']
escapes , /ɛsceps/ , ['E_F', 's', 'c', 'e_R', 'p', 's']
crisis , /kraɪsis/ , ['k', 'r', 'aj', 's', 'i_R', 's']
spectrum , /spɛktəm/ , ['s', 'p', 'E_F', 'k', 't', '@', 'm_R']
employees , /ɛmploɪiːz/ , ['E_F', 'm_R', 'p', 'l', 'oj', 'i:_R', 'z']
hackers , /hakəɾz/ , ['h', 'a_F', 'k', '@', '4', 'z']
prospects , /prɑspɛks/ , ['p', 'r', 'A', 's', 'p', 'E_F', 'k', 's']
art , /ɑrt/ , ['A', 'r', 't']
modular , /mɔdʲʊlə/ , ['m_R', 'O', 'dj', 'U_R', 'l', '@']
upgrade , /ɐpɡreid/ , ['6', 'p', 'g', 'r', 'ej', 'd']
emotion , /ɛmoʃɔn/ , ['E_F', 'm_R', 'o', 'S', 'O_R', 'n_R']
classical , /cʎasɪkəl/ , ['c', 'L', 'a_F', 's', 'I_R', 'k', '@', 'l']
industrial , /ɪndɐstʲrɪəɫ/ , ['I_R', 'n_R', 'd', '6', 's', 'tj', 'r', 'I_R', '@', '5_R']
brightly , /braɪtʎi/ , ['b', 'r', 'aj', 't', 'L', 'i_R']
simulate , /sɪmʊleit/ , ['s', 'I_R', 'm_R', 'U_R', 'l', 'ej', 't']
success , /səksɛs/ , ['s', '@', 'k', 's', 'E_F', 's']
deadlines , /dɛdlaɪnz/ , ['d', 'E_F', 'd', 'l', 'aj', 'n_R', 'z']
definitely , /dɛfəɲɪtʲʎi/ , ['d', 'E_F', 'f', '@', 'J', 'I_R', 'tj', 'L', 'i_R']
january , /d̠ʒaɲʊri/ , ['dZ', 'a_F', 'J', 'U_R', 'r', 'i_R']
everyone , /ɛriwɐn/ , ['E_F', 'r', 'i_R', 'w', '6', 'n_R']
mental , /mɛntaɫ/ , ['m_R', 'E_F', 'n_R', 't', 'a_F', '5_R']
crucial , /kruːʃaɫ/ , ['k', 'r', 'u:_R', 'S', 'a_F', '5_R']
structured , /strɐkt̠ʃəd/ , ['s', 't', 'r', '6', 'k', 'tS', '@', 'd']
filter , /fʲiɫta/ , ['fj', 'i_R', '5_R', 't', 'a_F']
concept , /kɔnsɛpʈ/ , ['k', 'O', 'n_R', 's', 'E_F', 'p', 't`']
achieving , /at̠ʃiːvʲiŋɡ/ , ['a_F', 'tS', 'i:_R', 'vj', 'i_R', 'N', 'g']
impressed , /imprɛst/ , ['i_R', 'm_R', 'p', 'r', 'E_F', 's', 't']
appreciate , /apriʃiet/ , ['a_F', 'p', 'r', 'i_R', 'S', 'i_R', 'e_R', 't']
security , /səcʊrɪtʲi/ , ['s', '@', 'c', 'U_R', 'r', 'I_R', 'tj', 'i_R']
handwritten , /handʲrɪtən/ , ['h', 'a_F', 'n_R', 'dj', 'r', 'I_R', 't', '@', 'n_R']
spectrum , /spɛktəm/ , ['s', 'p', 'E_F', 'k', 't', '@', 'm_R']
reforms , /rɪfɔrmz/ , ['r', 'I_R', 'f', 'O', 'r', 'm_R', 'z']
deciding , /dɛsaɪdʲiŋɡ/ , ['d', 'E_F', 's', 'aj', 'dj', 'i_R', 'N', 'g']
clothing , /klouðɪŋ/ , ['k', 'l', 'ow', 'D', 'I_R', 'N']
risotto , /rɪzɔʈoː/ , ['r', 'I_R', 'z', 'O', 't`', 'o:_R']
carnivals , /kɑːɲɪʋəlz/ , ['k', 'A:_R', 'J', 'I_R', 'v\\', '@', 'l', 'z']
spaces , /spesɛz/ , ['s', 'p', 'e_R', 's', 'E_F', 'z']
souvenirs , /suːvənaɪərəz/ , ['s', 'u:', 'v', '@', 'n_R', 'aj', '@', 'r', '@', 'z']
globe , /ɡloub/ , ['g', 'l', 'ow', 'b']
gardens , /ɡadɛnz/ , ['g', 'a_F', 'd', 'E_F', 'n_R', 'z']
modernity , /mɔdaːɲitʲi/ , ['m_R', 'O_R', 'd', 'a:', 'J', 'i_R', 'tj', 'i_R']
attractive , /atraktʲiv/ , ['a_F', 't', 'r', 'a_F', 'k', 'tj', 'i_R', 'v']
capturing , /cæpt̠ʃərɪŋ/ , ['c', '{', 'p', 'tS', '@', 'r', 'I_R', 'N']
imagined , /imad̠ʒind/ , ['i_R', 'm_R', 'a_F', 'dZ', 'i_R', 'n_R', 'd']
travel , /travəɫ/ , ['t', 'r', 'a_F', 'v', '@', '5_R']
emerging , /ɛmaːd̠ʒiŋɡ/ , ['E_F', 'm_R', 'a:', 'dZ', 'i_R', 'N', 'g']
nomads , /noumadz/ , ['n_R', 'ow', 'm_R', 'a_F', 'd', 'z']
sensory , /sɛnsɔri/ , ['s', 'E_F', 'n_R', 's', 'O_R', 'r', 'i_R']
creates , /criets/ , ['c', 'r', 'i_R', 'e_R', 't', 's']
authentic , /ɔθɛntʲɪk/ , ['O', 'T', 'E_F', 'n_R', 'tj', 'I_R', 'k']
extend , /ɛkstɛnd/ , ['E_F', 'k', 's', 't', 'E_F', 'n_R', 'd']
immersive , /ɪməsɪv/ , ['I_R', 'm_R', '@', 's', 'I_R', 'v']
crisis , /kraɪsis/ , ['k', 'r', 'aj', 's', 'i_R', 's']
safeguard , /sefɡaːd/ , ['s', 'e_R', 'f', 'g', 'a:', 'd']
pandemic , /panɖɛmʲɪk/ , ['p', 'a_F', 'n_R', 'd`', 'E_F', 'mj', 'I_R', 'k']
support , /səpɔːʈ/ , ['s', '@', 'p', 'O:', 't`']
focused , /foukəst/ , ['f', 'ow', 'k', '@', 's', 't']
management , /manad̠ʒmɛnt/ , ['m_R', 'a_F', 'n_R', 'a_F', 'dZ', 'm_R', 'E_F', 'n_R', 't']
changing , /t̠ʃend̠ʒiŋɡ/ , ['tS', 'e_R', 'n_R', 'dZ', 'i_R', 'N', 'g']
others , /ɐðəz/ , ['6', 'D', '@', 'z']
sequence , /siːkʷəns/ , ['s', 'i:_R', 'kw', '@', 'n_R', 's']
enhance , /ɛnhans/ , ['E_F', 'n_R', 'h', 'a_F', 'n_R', 's']
housing , /haʊzɪŋ/ , ['h', 'aw', 'z', 'I_R', 'N']
exactly , /ɛɡzaktʎi/ , ['E_F', 'g', 'z', 'a_F', 'k', 't', 'L', 'i_R']
actually , /akʈuəʎi/ , ['a_F', 'k', 't`', 'u', '@', 'L', 'i_R']
alright , /ɔɫraɪt/ , ['O', '5_R', 'r', 'aj', 't']
yes , /jɛs/ , ['j_R', 'E_F', 's']
great , /ɡret/ , ['g', 'r', 'e_R', 't']
regarding , /riɡadʲiŋɡ/ , ['r', 'i_R', 'g', 'a_F', 'dj', 'i_R', 'N', 'g']
desk , /dɛsk/ , ['d', 'E_F', 's', 'k']
tokyo , /ʈoːcioː/ , ['t`', 'o:_R', 'c', 'i_R', 'o:_R']
focusing , /foukəsɪŋ/ , ['f', 'ow', 'k', '@', 's', 'I_R', 'N']
creative , /crietʲiv/ , ['c', 'r', 'i_R', 'e_R', 'tj', 'i_R', 'v']
important , /ɪmpɔːʈənʈ/ , ['I_R', 'm_R', 'p', 'O:', 't`', '@', 'n_R', 't`']
regular , /rɛɟələ/ , ['r', 'E_F', 'gj', '@', 'l', '@']
strengthens , /strɛŋθənz/ , ['s', 't', 'r', 'E_F', 'N', 'T', '@', 'n_R', 'z']
illuminate , /ɪʎumʲɪɲeit/ , ['I_R', 'L', 'u', 'mj', 'I_R', 'J', 'ej', 't']
studio , /sʈuːɖioː/ , ['s', 't`', 'u:', 'd`', 'i_R', 'o:_R']
joyfully , /d̠ʒoɪfəʎi/ , ['dZ', 'oj', 'f', '@', 'L', 'i_R']
variety , /varaɪitʲi/ , ['v', 'a_F', 'r', 'aj', 'i_R', 'tj', 'i_R']
evolving , /ɪvɔɫvɪŋ/ , ['I_R', 'v', 'O', '5_R', 'v', 'I_R', 'N']
depending , /dɛpʰɛɲdʲiŋɡ/ , ['d', 'E_F', 'ph', 'E_F', 'J', 'dj', 'i_R', 'N', 'g']
mysteries , /mʲɪstəriz/ , ['mj', 'I_R', 's', 't', '@', 'r', 'i_R', 'z']
flavors , /fleːʋəz/ , ['f', 'l', 'e:_R', 'v\\', '@', 'z']
year , /jia/ , ['j_R', 'i_R', 'a_F']
beautiful , /bʲuːtʲɪfəɫ/ , ['bj', 'u:', 'tj', 'I_R', 'f', '@', '5_R']
cultural , /kəlt̠ʃərəl/ , ['k', '@', 'l', 'tS', '@', 'r', '@', 'l']
history , /çistɔri/ , ['C', 'i_R', 's', 't', 'O_R', 'r', 'i_R']
tourists , /ʈʊrɪsʈs/ , ['t`', 'U_R', 'r', 'I_R', 's', 't`', 's']
cultural , /kəlt̠ʃərəl/ , ['k', '@', 'l', 'tS', '@', 'r', '@', 'l']
essential , /ɛsɛnʃaɫ/ , ['E_F', 's', 'E_F', 'n_R', 'S', 'a_F', '5_R']
gardens , /ɡadɛnz/ , ['g', 'a_F', 'd', 'E_F', 'n_R', 'z']
heritage , /hɛritad̠ʒ/ , ['h', 'E_F', 'r', 'i_R', 't', 'a_F', 'dZ']
season , /siːzən/ , ['s', 'i:_R', 'z', '@', 'n_R']
life , /laɪf/ , ['l', 'aj', 'f']
blossoms , /blɑsəmz/ , ['b', 'l', 'A', 's', '@', 'm_R', 'z']
currency , /kərənsi/ , ['k', '@', 'r', '@', 'n_R', 's', 'i_R']
community , /kəmʲuːɲɪtʲi/ , ['k', '@', 'mj', 'u:', 'J', 'I_R', 'tj', 'i_R']
public , /pəbʎɪk/ , ['p', '@', 'b', 'L', 'I_R', 'k']
tourism , /ʈɔːrɪzəm/ , ['t`', 'O:', 'r', 'I_R', 'z', '@', 'm_R']
mobility , /moubʲɪʎɪtʲi/ , ['m_R', 'ow', 'bj', 'I_R', 'L', 'I_R', 'tj', 'i_R']
promotes , /prɔmots/ , ['p', 'r', 'O_R', 'm_R', 'o', 't', 's']
reviving , /rɪvaɪvʲɪŋ/ , ['r', 'I_R', 'v', 'aj', 'vj', 'I_R', 'N']
initiatives , /iɲiʃatʲivz/ , ['i_R', 'J', 'i_R', 'S', 'a_F', 'tj', 'i_R', 'v', 'z']
central , /sɛntəɫ/ , ['s', 'E_F', 'n_R', 't', '@', '5_R']
management , /manad̠ʒmɛnt/ , ['m_R', 'a_F', 'n_R', 'a_F', 'dZ', 'm_R', 'E_F', 'n_R', 't']
community , /kəmʲuːɲɪtʲi/ , ['k', '@', 'mj', 'u:', 'J', 'I_R', 'tj', 'i_R']
replaced , /riplest/ , ['r', 'i_R', 'p', 'l', 'e_R', 's', 't']
critical , /critʲikaɫ/ , ['c', 'r', 'i_R', 'tj', 'i_R', 'k', 'a_F', '5_R']
required , /rikʷaɪad/ , ['r', 'i_R', 'kw', 'aj', 'a_F', 'd']
security , /səcʊrɪtʲi/ , ['s', '@', 'c', 'U_R', 'r', 'I_R', 'tj', 'i_R']
protect , /prɔtʰɛkt/ , ['p', 'r', 'O_R', 'th', 'E_F', 'k', 't']
language , /laɲɲid̠ʒ/ , ['l', 'a_F', 'J', 'J', 'i_R', 'dZ']
highlighted , /haɪlaɪtɛd/ , ['h', 'aj', 'l', 'aj', 't', 'E_F', 'd']
time , /ʈaɪm/ , ['t`', 'aj', 'm_R']
recovery , /rɪkəʋəri/ , ['r', 'I_R', 'k', '@', 'v\\', '@', 'r', 'i_R']
nutrient , /ɲuːtriɛnt/ , ['J', 'u:_R', 't', 'r', 'i_R', 'E_F', 'n_R', 't']
famous , /femus/ , ['f', 'e_R', 'm_R', 'u', 's']
filament , /fʲilamɛnt/ , ['fj', 'i_R', 'l', 'a_F', 'm_R', 'E_F', 'n_R', 't']
filament , /fʲilamɛnt/ , ['fj', 'i_R', 'l', 'a_F', 'm_R', 'E_F', 'n_R', 't']
tomorrow , /ʈəmɔroː/ , ['t`', '@', 'm_R', 'O', 'r', 'o:_R']
have , /av/ , ['a_F', 'v']
know , /nou/ , ['n_R', 'ow']
forward , /fɔrəd/ , ['f', 'O', 'r', '@', 'd']
friday , /fraɪdei/ , ['f', 'r', 'aj', 'd', 'ej']
actually , /akʈuəʎi/ , ['a_F', 'k', 't`', 'u', '@', 'L', 'i_R']
updated , /ɐpdeitʲɪd/ , ['6', 'p', 'd', 'ej', 'tj', 'I_R', 'd']
update , /ɐpdeit/ , ['6', 'p', 'd', 'ej', 't']
colors , /kələz/ , ['k', '@', 'l', '@', 'z']
managing , /manad̠ʒiŋɡ/ , ['m_R', 'a_F', 'n_R', 'a_F', 'dZ', 'i_R', 'N', 'g']
complex , /kɔmplɛks/ , ['k', 'O', 'm_R', 'p', 'l', 'E_F', 'k', 's']
training , /treɲiŋɡ/ , ['t', 'r', 'e_R', 'J', 'i_R', 'N', 'g']
success , /səksɛs/ , ['s', '@', 'k', 's', 'E_F', 's']
safely , /sefʎi/ , ['s', 'e_R', 'f', 'L', 'i_R']
evenings , /ɛvɲiŋɡz/ , ['E_F', 'v', 'J', 'i_R', 'N', 'g', 'z']
movie , /muːʋi/ , ['m_R', 'u:', 'v\\', 'i_R']
forest , /fɔrɪst/ , ['f', 'O', 'r', 'I_R', 's', 't']
response , /rɪspɑns/ , ['r', 'I_R', 's', 'p', 'A', 'n_R', 's']
forgotten , /fɔɡɔtɛn/ , ['f', 'O_R', 'g', 'O_R', 't', 'E_F', 'n_R']
style , /staɪɫ/ , ['s', 't', 'aj', '5_R']
delivered , /dɛʎivad/ , ['d', 'E_F', 'L', 'i_R', 'v', 'a_F', 'd']
family , /famʲiʎi/ , ['f', 'a_F', 'mj', 'i_R', 'L', 'i_R']
colors , /kələz/ , ['k', '@', 'l', '@', 'z']
movement , /muːvmənt/ , ['m_R', 'u:', 'v', 'm_R', '@', 'n_R', 't']
style , /staɪɫ/ , ['s', 't', 'aj', '5_R']
statement , /stetmɛnt/ , ['s', 't', 'e_R', 't', 'm_R', 'E_F', 'n_R', 't']
return , /rɪʈən/ , ['r', 'I_R', 't`', '@', 'n_R']
mixing , /mʲɪksɪŋ/ , ['mj', 'I_R', 'k', 's', 'I_R', 'N']
time , /ʈaɪm/ , ['t`', 'aj', 'm_R']
kayaking , /ceːcɪŋ/ , ['c', 'e:_R', 'c', 'I_R', 'N']
nature , /net̠ʃa/ , ['n_R', 'e_R', 'tS', 'a_F']
perfect , /pəfɛkʈ/ , ['p', '@', 'f', 'E_F', 'k', 't`']
climbers , /klaɪməɾz/ , ['k', 'l', 'aj', 'm_R', '@', '4', 'z']
palace , /paʎɪs/ , ['p', 'a_F', 'L', 'I_R', 's']
dream , /driːm/ , ['d', 'r', 'i:_R', 'm_R']
behavior , /bɛçevʲɔ/ , ['b', 'E_F', 'C', 'e_R', 'vj', 'O_R']
tourism , /ʈɔːrɪzəm/ , ['t`', 'O:', 'r', 'I_R', 'z', '@', 'm_R']
demands , /dɛmandz/ , ['d', 'E_F', 'm_R', 'a_F', 'n_R', 'd', 'z']
cultural , /kəlt̠ʃərəl/ , ['k', '@', 'l', 'tS', '@', 'r', '@', 'l']
cultural , /kəlt̠ʃərəl/ , ['k', '@', 'l', 'tS', '@', 'r', '@', 'l']
heritage , /hɛritad̠ʒ/ , ['h', 'E_F', 'r', 'i_R', 't', 'a_F', 'dZ']
archives , /akʰaɪvz/ , ['a_F', 'kh', 'aj', 'v', 'z']
insurance , /ɪnʃɔːrəns/ , ['I_R', 'n_R', 'S', 'O:', 'r', '@', 'n_R', 's']
company , /kəmpəɲi/ , ['k', '@', 'm_R', 'p', '@', 'J', 'i_R']
network , /nɛʈʋək/ , ['n_R', 'E_F', 't`', 'v\\', '@', 'k']
cubist , /cuːbʲɪsʈ/ , ['c', 'u:', 'bj', 'I_R', 's', 't`']
filament , /fʲilamɛnt/ , ['fj', 'i_R', 'l', 'a_F', 'm_R', 'E_F', 'n_R', 't']
time , /ʈaɪm/ , ['t`', 'aj', 'm_R']
alright , /ɔɫraɪt/ , ['O', '5_R', 'r', 'aj', 't']
actually , /akʈuəʎi/ , ['a_F', 'k', 't`', 'u', '@', 'L', 'i_R']
hotel , /houtʰɛɫ/ , ['h', 'ow', 'th', 'E_F', '5_R']
around , /araʊnd/ , ['a_F', 'r', 'aw', 'n_R', 'd']
forward , /fɔrəd/ , ['f', 'O', 'r', '@', 'd']
one , /ʋɔn/ , ['v\\', 'O', 'n_R']
then , /ðən/ , ['D', '@', 'n_R']
daunting , /dɔntʲɪŋ/ , ['d', 'O', 'n_R', 'tj', 'I_R', 'N']
feedback , /fʲiːdbak/ , ['fj', 'i:_R', 'd', 'b', 'a_F', 'k']
ability , /abʲiʎitʲi/ , ['a_F', 'bj', 'i_R', 'L', 'i_R', 'tj', 'i_R']
balancing , /balansiŋɡ/ , ['b', 'a_F', 'l', 'a_F', 'n_R', 's', 'i_R', 'N', 'g']
for , /fa/ , ['f', 'a_F']
upgrading , /ɐpɡreidʲɪŋ/ , ['6', 'p', 'g', 'r', 'ej', 'dj', 'I_R', 'N']
explained , /ɛksplend/ , ['E_F', 'k', 's', 'p', 'l', 'e_R', 'n_R', 'd']
assets , /asɛɛts/ , ['a_F', 's', 'E_F', 'E_F', 't', 's']
labels , /lebɛɫz/ , ['l', 'e_R', 'b', 'E_F', '5_R', 'z']
usually , /juːʃʊaʎi/ , ['j_R', 'u:_R', 'S', 'U_R', 'a_F', 'L', 'i_R']
bedtime , /bɛdtʰaɪm/ , ['b', 'E_F', 'd', 'th', 'aj', 'm_R']
family , /famʲiʎi/ , ['f', 'a_F', 'mj', 'i_R', 'L', 'i_R']
shoulders , /ʃouɫdəz/ , ['S', 'ow', '5_R', 'd', '@', 'z']
drawings , /drɔːɪŋz/ , ['d', 'r', 'O:', 'I_R', 'N', 'z']
gardens , /ɡadɛnz/ , ['g', 'a_F', 'd', 'E_F', 'n_R', 'z']
beautiful , /bʲuːtʲɪfəɫ/ , ['bj', 'u:', 'tj', 'I_R', 'f', '@', '5_R']
gardens , /ɡadɛnz/ , ['g', 'a_F', 'd', 'E_F', 'n_R', 'z']
history , /çistɔri/ , ['C', 'i_R', 's', 't', 'O_R', 'r', 'i_R']
cultural , /kəlt̠ʃərəl/ , ['k', '@', 'l', 'tS', '@', 'r', '@', 'l']
people , /piːpəl/ , ['p', 'i:_R', 'p', '@', 'l']
located , /lɔcetɛd/ , ['l', 'O_R', 'c', 'e_R', 't', 'E_F', 'd']
crisp , /crisp/ , ['c', 'r', 'i_R', 's', 'p']
outside , /aʊtsaɪd/ , ['aw', 't', 's', 'aj', 'd']
shifted , /ʃiftɛd/ , ['S', 'i_R', 'f', 't', 'E_F', 'd']
cultural , /kəlt̠ʃərəl/ , ['k', '@', 'l', 'tS', '@', 'r', '@', 'l']
emerging , /ɛmaːd̠ʒiŋɡ/ , ['E_F', 'm_R', 'a:', 'dZ', 'i_R', 'N', 'g']
emotional , /ɛmoʃɔnaɫ/ , ['E_F', 'm_R', 'o', 'S', 'O_R', 'n_R', 'a_F', '5_R']
data , /data/ , ['d', 'a_F', 't', 'a_F']
reality , /rialɪtʲi/ , ['r', 'i_R', 'a_F', 'l', 'I_R', 'tj', 'i_R']
projects , /prɑd̠ʒɛks/ , ['p', 'r', 'A', 'dZ', 'E_F', 'k', 's']
embrace , /ɛmbres/ , ['E_F', 'm_R', 'b', 'r', 'e_R', 's']
tourism , /ʈɔːrɪzəm/ , ['t`', 'O:', 'r', 'I_R', 'z', '@', 'm_R']
scientists , /saɪəntʲɪsts/ , ['s', 'aj', '@', 'n_R', 'tj', 'I_R', 's', 't', 's']
prisms , /prɪzəmz/ , ['p', 'r', 'I_R', 'z', '@', 'm_R', 'z']
forest , /fɔrɪst/ , ['f', 'O', 'r', 'I_R', 's', 't']
luminous , /luːmʲɪnəs/ , ['l', 'u:', 'mj', 'I_R', 'n_R', '@', 's']
company , /kəmpəɲi/ , ['k', '@', 'm_R', 'p', '@', 'J', 'i_R']
increasing , /ɪɲcriːsɪŋ/ , ['I_R', 'J', 'c', 'r', 'i:_R', 's', 'I_R', 'N']
focus , /foukəs/ , ['f', 'ow', 'k', '@', 's']
pursuing , /pəsjuːɪŋ/ , ['p', '@', 's', 'j_R', 'u:', 'I_R', 'N']
expect , /ɛkspɛkt/ , ['E_F', 'k', 's', 'p', 'E_F', 'k', 't']
students , /stʲuːdənts/ , ['s', 'tj', 'u:', 'd', '@', 'n_R', 't', 's']
point , /poɪnʈ/ , ['p', 'oj', 'n_R', 't`']
advanced , /advanst/ , ['a_F', 'd', 'v', 'a_F', 'n_R', 's', 't']
affecting , /afɛktʲiŋɡ/ , ['a_F', 'f', 'E_F', 'k', 'tj', 'i_R', 'N', 'g']
forward , /fɔrəd/ , ['f', 'O', 'r', '@', 'd']
company , /kəmpəɲi/ , ['k', '@', 'm_R', 'p', '@', 'J', 'i_R']
planning , /plaɲɪŋ/ , ['p', 'l', 'a_F', 'J', 'I_R', 'N']
oh , /ou/ , ['ow']
recommend , /rɛkɔmɛnd/ , ['r', 'E_F', 'k', 'O_R', 'm_R', 'E_F', 'n_R', 'd']
explore , /ɛksplɔ/ , ['E_F', 'k', 's', 'p', 'l', 'O_R']
tuesday , /ʈuːzɖeː/ , ['t`', 'u:', 'z', 'd`', 'e:_R']
meetings , /mʲiːtʲiŋɡz/ , ['mj', 'i:_R', 'tj', 'i_R', 'N', 'g', 'z']
mentor , /mɛntɔr/ , ['m_R', 'E_F', 'n_R', 't', 'O', 'r']
achieving , /at̠ʃiːvʲiŋɡ/ , ['a_F', 'tS', 'i:_R', 'vj', 'i_R', 'N', 'g']
client , /klaɪənt/ , ['k', 'l', 'aj', '@', 'n_R', 't']
creating , /criːetʲiŋɡ/ , ['c', 'r', 'i:_R', 'e_R', 'tj', 'i_R', 'N', 'g']
display , /dʲisple/ , ['dj', 'i_R', 's', 'p', 'l', 'e_R']
pilot , /paɪləʈ/ , ['p', 'aj', 'l', '@', 't`']
exhibit , /ɛɡzibʲit/ , ['E_F', 'g', 'z', 'i_R', 'bj', 'i_R', 't']
energy , /ɛnad̠ʒi/ , ['E_F', 'n_R', 'a_F', 'dZ', 'i_R']
identity , /aɪdɛɲɪtʲi/ , ['aj', 'd', 'E_F', 'J', 'I_R', 'tj', 'i_R']
observing , /ɔbzəvɪŋ/ , ['O', 'b', 'z', '@', 'v', 'I_R', 'N']
provided , /prɔvaɪdɛd/ , ['p', 'r', 'O_R', 'v', 'aj', 'd', 'E_F', 'd']
fresh , /frɛʃ/ , ['f', 'r', 'E_F', 'S']
medium , /mʲiːdʲiəm/ , ['mj', 'i:_R', 'dj', 'i_R', '@', 'm_R']
table , /ʈeːbəl/ , ['t`', 'e:_R', 'b', '@', 'l']
purchase , /pət̠ʃəs/ , ['p', '@', 'tS', '@', 's']
memories , /mɛmɔriz/ , ['m_R', 'E_F', 'm_R', 'O_R', 'r', 'i_R', 'z']
perfect , /pəfɛkʈ/ , ['p', '@', 'f', 'E_F', 'k', 't`']
drama , /drama/ , ['d', 'r', 'a_F', 'm_R', 'a_F']
dream , /driːm/ , ['d', 'r', 'i:_R', 'm_R']
capsule , /cæpsəɫ/ , ['c', '{', 'p', 's', '@', '5_R']
patterns , /paʈənz/ , ['p', 'a_F', 't`', '@', 'n_R', 'z']
carnival , /cɛrɲɪvəɫ/ , ['c', 'E_F', 'r', 'J', 'I_R', 'v', '@', '5_R']
medieval , /mɛdʲiiːvəɫ/ , ['m_R', 'E_F', 'dj', 'i_R', 'i:_R', 'v', '@', '5_R']
hobby , /hɑbʲi/ , ['h', 'A', 'bj', 'i_R']
changing , /t̠ʃend̠ʒiŋɡ/ , ['tS', 'e_R', 'n_R', 'dZ', 'i_R', 'N', 'g']
palace , /paʎɪs/ , ['p', 'a_F', 'L', 'I_R', 's']
shrine , /ʃraɪn/ , ['S', 'r', 'aj', 'n_R']
tourists , /ʈʊrɪsʈs/ , ['t`', 'U_R', 'r', 'I_R', 's', 't`', 's']
belief , /bəʎiːf/ , ['b', '@', 'L', 'i:_R', 'f']
fuji , /fuːd̠ʒi/ , ['f', 'u:_R', 'dZ', 'i_R']
bordeaux , /bɔrdou/ , ['b', 'O', 'r', 'd', 'ow']
tourism , /ʈɔːrɪzəm/ , ['t`', 'O:', 'r', 'I_R', 'z', '@', 'm_R']
adapt , /adapt/ , ['a_F', 'd', 'a_F', 'p', 't']
heritage , /hɛritad̠ʒ/ , ['h', 'E_F', 'r', 'i_R', 't', 'a_F', 'dZ']
shaping , /ʃepʲiŋɡ/ , ['S', 'e_R', 'pj', 'i_R', 'N', 'g']
dream , /driːm/ , ['d', 'r', 'i:_R', 'm_R']
travel , /travəɫ/ , ['t', 'r', 'a_F', 'v', '@', '5_R']
travelers , /travalaz/ , ['t', 'r', 'a_F', 'v', 'a_F', 'l', 'a_F', 'z']
travel , /travəɫ/ , ['t', 'r', 'a_F', 'v', '@', '5_R']
tourism , /ʈɔːrɪzəm/ , ['t`', 'O:', 'r', 'I_R', 'z', '@', 'm_R']
business , /bʲizɲis/ , ['bj', 'i_R', 'z', 'J', 'i_R', 's']
airport , /ɛrpʰɔrt/ , ['E_F', 'r', 'ph', 'O', 'r', 't']
value , /valuː/ , ['v', 'a_F', 'l', 'u:_R']
sector , /sɛktɔ/ , ['s', 'E_F', 'k', 't', 'O_R']
teenagers , /ʈiːɲeːd̠ʒəz/ , ['t`', 'i:_R', 'J', 'e:_R', 'dZ', '@', 'z']
interact , /ɪnərækt/ , ['I_R', 'n_R', '@', 'r', '{', 'k', 't']
overcome , /ouvəkʰɐm/ , ['ow', 'v', '@', 'kh', '6', 'm_R']
career , /kərɪə/ , ['k', '@', 'r', 'I_R', '@']
receiving , /rɪsiːvɪŋ/ , ['r', 'I_R', 's', 'i:_R', 'v', 'I_R', 'N']
treatments , /tritmɛnts/ , ['t', 'r', 'i_R', 't', 'm_R', 'E_F', 'n_R', 't', 's']
explained , /ɛksplend/ , ['E_F', 'k', 's', 'p', 'l', 'e_R', 'n_R', 'd']
mars , /mɑrz/ , ['m_R', 'A', 'r', 'z']
fashion , /faʃɔn/ , ['f', 'a_F', 'S', 'O_R', 'n_R']
people , /piːpəl/ , ['p', 'i:_R', 'p', '@', 'l']
trade , /tred/ , ['t', 'r', 'e_R', 'd']
agreement , /aɟriːmɛnt/ , ['a_F', 'gj', 'r', 'i:_R', 'm_R', 'E_F', 'n_R', 't']
see , /siː/ , ['s', 'i:_R']
before , /bəfɔr/ , ['b', '@', 'f', 'O', 'r']
correct , /kərɛkʈ/ , ['k', '@', 'r', 'E_F', 'k', 't`']
famous , /femus/ , ['f', 'e_R', 'm_R', 'u', 's']
volume , /vɑʎum/ , ['v', 'A', 'L', 'u', 'm_R']
companies , /kəmpəɲiz/ , ['k', '@', 'm_R', 'p', '@', 'J', 'i_R', 'z']
hope , /houp/ , ['h', 'ow', 'p']
united , /jʊnaɪtɛd/ , ['j_R', 'U_R', 'n_R', 'aj', 't', 'E_F', 'd']
crucial , /kruːʃaɫ/ , ['k', 'r', 'u:_R', 'S', 'a_F', '5_R']
advanced , /advanst/ , ['a_F', 'd', 'v', 'a_F', 'n_R', 's', 't']
adapter , /ədaptə/ , ['@', 'd', 'a_F', 'p', 't', '@']
tested , /ʈɛstʲɪɖ/ , ['t`', 'E_F', 's', 'tj', 'I_R', 'd`']
gaming , /ɡemʲiŋɡ/ , ['g', 'e_R', 'mj', 'i_R', 'N', 'g']
dinner , /dʲina/ , ['dj', 'i_R', 'n_R', 'a_F']
labels , /lebɛɫz/ , ['l', 'e_R', 'b', 'E_F', '5_R', 'z']
used , /juːzd/ , ['j_R', 'u:_R', 'z', 'd']
days , /dez/ , ['d', 'e_R', 'z']
writers , /raɪtaz/ , ['r', 'aj', 't', 'a_F', 'z']
perhaps , /pəhaps/ , ['p', '@', 'h', 'a_F', 'p', 's']
holiday , /hɑlədei/ , ['h', 'A', 'l', '@', 'd', 'ej']
holiday , /hɑlədei/ , ['h', 'A', 'l', '@', 'd', 'ej']
family , /famʲiʎi/ , ['f', 'a_F', 'mj', 'i_R', 'L', 'i_R']
chocolate , /t̠ʃɔcʎɪt/ , ['tS', 'O', 'c', 'L', 'I_R', 't']
siblings , /sibʎiŋɡz/ , ['s', 'i_R', 'b', 'L', 'i_R', 'N', 'g', 'z']
people , /piːpəl/ , ['p', 'i:_R', 'p', '@', 'l']
surprise , /səpraɪz/ , ['s', '@', 'p', 'r', 'aj', 'z']
cream , /criːm/ , ['c', 'r', 'i:_R', 'm_R']
statement , /stetmɛnt/ , ['s', 't', 'e_R', 't', 'm_R', 'E_F', 'n_R', 't']
outfits , /aʊtfʲɪts/ , ['aw', 't', 'fj', 'I_R', 't', 's']
preserve , /prazaːv/ , ['p', 'r', 'a_F', 'z', 'a:', 'v']
public , /pəbʎɪk/ , ['p', '@', 'b', 'L', 'I_R', 'k']
milan , /mʲilan/ , ['mj', 'i_R', 'l', 'a_F', 'n_R']
palace , /paʎɪs/ , ['p', 'a_F', 'L', 'I_R', 's']
cultural , /kəlt̠ʃərəl/ , ['k', '@', 'l', 'tS', '@', 'r', '@', 'l']
tourists , /ʈʊrɪsʈs/ , ['t`', 'U_R', 'r', 'I_R', 's', 't`', 's']
seoul , /souɫ/ , ['s', 'ow', '5_R']
beautiful , /bʲuːtʲɪfəɫ/ , ['bj', 'u:', 'tj', 'I_R', 'f', '@', '5_R']
beautiful , /bʲuːtʲɪfəɫ/ , ['bj', 'u:', 'tj', 'I_R', 'f', '@', '5_R']
district , /dʲistrikt/ , ['dj', 'i_R', 's', 't', 'r', 'i_R', 'k', 't']
harbour , /habɔ/ , ['h', 'a_F', 'b', 'O_R']
tiny , /ʈaɪɲi/ , ['t`', 'aj', 'J', 'i_R']
streets , /striːts/ , ['s', 't', 'r', 'i:_R', 't', 's']
taipei , /ʈaɪpeː/ , ['t`', 'aj', 'p', 'e:_R']
florence , /flɔrəns/ , ['f', 'l', 'O', 'r', '@', 'n_R', 's']
steadily , /stɛdʲiʎi/ , ['s', 't', 'E_F', 'dj', 'i_R', 'L', 'i_R']
cultural , /kəlt̠ʃərəl/ , ['k', '@', 'l', 'tS', '@', 'r', '@', 'l']
community , /kəmʲuːɲɪtʲi/ , ['k', '@', 'mj', 'u:', 'J', 'I_R', 'tj', 'i_R']
becoming , /bəkʰɐmʲɪŋ/ , ['b', '@', 'kh', '6', 'mj', 'I_R', 'N']
climate , /klaɪmʲit/ , ['k', 'l', 'aj', 'mj', 'i_R', 't']
access , /aksɛs/ , ['a_F', 'k', 's', 'E_F', 's']
barriers , /barɪəz/ , ['b', 'a_F', 'r', 'I_R', '@', 'z']
tourism , /ʈɔːrɪzəm/ , ['t`', 'O:', 'r', 'I_R', 'z', '@', 'm_R']
domestic , /dɔmɛstʲik/ , ['d', 'O_R', 'm_R', 'E_F', 's', 'tj', 'i_R', 'k']
planning , /plaɲɪŋ/ , ['p', 'l', 'a_F', 'J', 'I_R', 'N']
optional , /ɑpʃənəɫ/ , ['A', 'p', 'S', '@', 'n_R', '@', '5_R']
rebuilding , /ribʲɪɫdʲɪŋ/ , ['r', 'i_R', 'bj', 'I_R', '5_R', 'dj', 'I_R', 'N']
abroad , /abrɔd/ , ['a_F', 'b', 'r', 'O_R', 'd']
teenagers , /ʈiːɲeːd̠ʒəz/ , ['t`', 'i:_R', 'J', 'e:_R', 'dZ', '@', 'z']
impact , /ɪmpakʈ/ , ['I_R', 'm_R', 'p', 'a_F', 'k', 't`']
maintain , /mantʰen/ , ['m_R', 'a_F', 'n_R', 'th', 'e_R', 'n_R']
office , /ɑfʲɪs/ , ['A', 'fj', 'I_R', 's']
approach , /aprot̠ʃ/ , ['a_F', 'p', 'r', 'o', 'tS']
boosted , /buːstɛd/ , ['b', 'u:_R', 's', 't', 'E_F', 'd']
recommend , /rɛkɔmɛnd/ , ['r', 'E_F', 'k', 'O_R', 'm_R', 'E_F', 'n_R', 'd']
aerobic , /arobʲik/ , ['a_F', 'r', 'o', 'bj', 'i_R', 'k']
planning , /plaɲɪŋ/ , ['p', 'l', 'a_F', 'J', 'I_R', 'N']
history , /çistɔri/ , ['C', 'i_R', 's', 't', 'O_R', 'r', 'i_R']
reference , /rɛfərəns/ , ['r', 'E_F', 'f', '@', 'r', '@', 'n_R', 's']
product , /prɑdɐkt/ , ['p', 'r', 'A', 'd', '6', 'k', 't']
true , /tru/ , ['t', 'r', 'u']
restaurant , /rɛstərɑnt/ , ['r', 'E_F', 's', 't', '@', 'r', 'A', 'n_R', 't']
city , /sitʲi/ , ['s', 'i_R', 'tj', 'i_R']
confirm , /kəmfəm/ , ['k', '@', 'm_R', 'f', '@', 'm_R']
physical , /fʲizikaɫ/ , ['fj', 'i_R', 'z', 'i_R', 'k', 'a_F', '5_R']
years , /jaːz/ , ['j_R', 'a:', 'z']
system , /sɪstəm/ , ['s', 'I_R', 's', 't', '@', 'm_R']
achieving , /at̠ʃiːvʲiŋɡ/ , ['a_F', 'tS', 'i:_R', 'vj', 'i_R', 'N', 'g']
created , /crietɛd/ , ['c', 'r', 'i_R', 'e_R', 't', 'E_F', 'd']
explore , /ɛksplɔ/ , ['E_F', 'k', 's', 'p', 'l', 'O_R']
dream , /driːm/ , ['d', 'r', 'i:_R', 'm_R']
actions , /acʃɔnz/ , ['a_F', 'c', 'S', 'O_R', 'n_R', 'z']
globe , /ɡloub/ , ['g', 'l', 'ow', 'b']
cherished , /t̠ʃɛriʃt/ , ['tS', 'E_F', 'r', 'i_R', 'S', 't']
pasta , /pasʈə/ , ['p', 'a_F', 's', 't`', '@']
family , /famʲiʎi/ , ['f', 'a_F', 'mj', 'i_R', 'L', 'i_R']
japan , /d̠ʒapʰan/ , ['dZ', 'a_F', 'ph', 'a_F', 'n_R']
people , /piːpəl/ , ['p', 'i:_R', 'p', '@', 'l']
beautiful , /bʲuːtʲɪfəɫ/ , ['bj', 'u:', 'tj', 'I_R', 'f', '@', '5_R']
thriving , /traɪʋɪŋ/ , ['t', 'r', 'aj', 'v\\', 'I_R', 'N']
vibrant , /vaɪbrant/ , ['v', 'aj', 'b', 'r', 'a_F', 'n_R', 't']
spring , /sprɪŋ/ , ['s', 'p', 'r', 'I_R', 'N']
canals , /ceːnəlz/ , ['c', 'e:_R', 'n_R', '@', 'l', 'z']
surreal , /sɐriəɫ/ , ['s', '6', 'r', 'i_R', '@', '5_R']
northern , /nɔrðən/ , ['n_R', 'O', 'r', 'D', '@', 'n_R']
demand , /dəmænd/ , ['d', '@', 'm_R', '{', 'n_R', 'd']
multi , /mɐɫtʲi/ , ['m_R', '6', '5_R', 'tj', 'i_R']
powerful , /paʊəfəl/ , ['p', 'aw', '@', 'f', '@', 'l']
explore , /ɛksplɔ/ , ['E_F', 'k', 's', 'p', 'l', 'O_R']
recovery , /rɪkəʋəri/ , ['r', 'I_R', 'k', '@', 'v\\', '@', 'r', 'i_R']
access , /aksɛs/ , ['a_F', 'k', 's', 'E_F', 's']
micro , /maɪkrou/ , ['m_R', 'aj', 'k', 'r', 'ow']
tourism , /ʈɔːrɪzəm/ , ['t`', 'O:', 'r', 'I_R', 'z', '@', 'm_R']
between , /bɛtiːn/ , ['b', 'E_F', 't', 'i:_R', 'n_R']
adapt , /adapt/ , ['a_F', 'd', 'a_F', 'p', 't']
meetings , /mʲiːtʲiŋɡz/ , ['mj', 'i:_R', 'tj', 'i_R', 'N', 'g', 'z']
work , /ʋək/ , ['v\\', '@', 'k']
collagen , /kɔləd̠ʒən/ , ['k', 'O', 'l', '@', 'dZ', '@', 'n_R']
seniors , /siɲəz/ , ['s', 'i_R', 'J', '@', 'z']
discussed , /dʲɪskɐst/ , ['dj', 'I_R', 's', 'k', '6', 's', 't']
yeah , /jaə/ , ['j_R', 'a_F', '@']
great , /ɡret/ , ['g', 'r', 'e_R', 't']
terms , /ʈəmz/ , ['t`', '@', 'm_R', 'z']
available , /avelabʊɫ/ , ['a_F', 'v', 'e_R', 'l', 'a_F', 'b', 'U_R', '5_R']
going , /ɡoɪŋ/ , ['g', 'oj', 'N']
well , /ʋɛl/ , ['v\\', 'E_F', 'l']
yeah , /jaə/ , ['j_R', 'a_F', '@']
interest , /ɪnərɛst/ , ['I_R', 'n_R', '@', 'r', 'E_F', 's', 't']
startup , /stɑrtʰɐp/ , ['s', 't', 'A', 'r', 'th', '6', 'p']
soon , /suːn/ , ['s', 'u:_R', 'n_R']
change , /t̠ʃend̠ʒ/ , ['tS', 'e_R', 'n_R', 'dZ']
purpose , /pəpəs/ , ['p', '@', 'p', '@', 's']
moment , /moumɛnt/ , ['m_R', 'ow', 'm_R', 'E_F', 'n_R', 't']
hues , /çuːz/ , ['C', 'u:_R', 'z']
impressed , /imprɛst/ , ['i_R', 'm_R', 'p', 'r', 'E_F', 's', 't']
referencing , /rɛfərənsɪŋ/ , ['r', 'E_F', 'f', '@', 'r', '@', 'n_R', 's', 'I_R', 'N']
progress , /prɔɟrɛs/ , ['p', 'r', 'O', 'gj', 'r', 'E_F', 's']
adults , /adɐɫts/ , ['a_F', 'd', '6', '5_R', 't', 's']
history , /çistɔri/ , ['C', 'i_R', 's', 't', 'O_R', 'r', 'i_R']
teachers , /ʈiːt̠ʃəz/ , ['t`', 'i:_R', 'tS', '@', 'z']
identity , /aɪdɛɲɪtʲi/ , ['aj', 'd', 'E_F', 'J', 'I_R', 'tj', 'i_R']
coffee , /kɔfʲi/ , ['k', 'O', 'fj', 'i_R']
special , /spɛʃaɫ/ , ['s', 'p', 'E_F', 'S', 'a_F', '5_R']
chicken , /t̠ʃicɛn/ , ['tS', 'i_R', 'c', 'E_F', 'n_R']
jackets , /d̠ʒacits/ , ['dZ', 'a_F', 'c', 'i_R', 't', 's']
most , /moust/ , ['m_R', 'ow', 's', 't']
streaming , /sʈriːmʲɪŋ/ , ['s', 't`', 'r', 'i:_R', 'mj', 'I_R', 'N']
perfume , /pəfʲuːm/ , ['p', '@', 'fj', 'u:', 'm_R']
jackets , /d̠ʒacits/ , ['dZ', 'a_F', 'c', 'i_R', 't', 's']
texture , /ʈɛksʈʊə/ , ['t`', 'E_F', 'k', 's', 't`', 'U_R', '@']
chunky , /t̠ʃɐɲci/ , ['tS', '6', 'J', 'c', 'i_R']
style , /staɪɫ/ , ['s', 't', 'aj', '5_R']
desert , /dɛzat/ , ['d', 'E_F', 'z', 'a_F', 't']
stories , /stɔːriz/ , ['s', 't', 'O:', 'r', 'i_R', 'z']
visited , /vɪzɪtʲɪd/ , ['v', 'I_R', 'z', 'I_R', 'tj', 'I_R', 'd']
safety , /seftʰi/ , ['s', 'e_R', 'f', 'th', 'i_R']
york , /jɔrk/ , ['j_R', 'O', 'r', 'k']
expand , /ɛkspand/ , ['E_F', 'k', 's', 'p', 'a_F', 'n_R', 'd']
climbing , /cʎɪmʲɪŋ/ , ['c', 'L', 'I_R', 'mj', 'I_R', 'N']
attracts , /atraks/ , ['a_F', 't', 'r', 'a_F', 'k', 's']
place , /ples/ , ['p', 'l', 'e_R', 's']
tourist , /ʈʊrɪsʈ/ , ['t`', 'U_R', 'r', 'I_R', 's', 't`']
variety , /varaɪitʲi/ , ['v', 'a_F', 'r', 'aj', 'i_R', 'tj', 'i_R']
unreal , /ɐnriəɫ/ , ['6', 'n_R', 'r', 'i_R', '@', '5_R']
massive , /masiv/ , ['m_R', 'a_F', 's', 'i_R', 'v']
someday , /sɐmdei/ , ['s', '6', 'm_R', 'd', 'ej']
around , /araʊnd/ , ['a_F', 'r', 'aw', 'n_R', 'd']
ocean , /ouʃən/ , ['ow', 'S', '@', 'n_R']
gardens , /ɡadɛnz/ , ['g', 'a_F', 'd', 'E_F', 'n_R', 'z']
versailles , /vəsaɪ/ , ['v', '@', 's', 'aj']
tourism , /ʈɔːrɪzəm/ , ['t`', 'O:', 'r', 'I_R', 'z', '@', 'm_R']
between , /bɛtiːn/ , ['b', 'E_F', 't', 'i:_R', 'n_R']
sectors , /sɛktɔz/ , ['s', 'E_F', 'k', 't', 'O_R', 'z']
tourism , /ʈɔːrɪzəm/ , ['t`', 'O:', 'r', 'I_R', 'z', '@', 'm_R']
journey , /d̠ʒɔɲi/ , ['dZ', 'O_R', 'J', 'i_R']
meaningful , /mʲiɲɪŋfʊl/ , ['mj', 'i_R', 'J', 'I_R', 'N', 'f', 'U_R', 'l']
tourism , /ʈɔːrɪzəm/ , ['t`', 'O:', 'r', 'I_R', 'z', '@', 'm_R']
cultural , /kəlt̠ʃərəl/ , ['k', '@', 'l', 'tS', '@', 'r', '@', 'l']
brands , /brandz/ , ['b', 'r', 'a_F', 'n_R', 'd', 'z']
marketing , /macitʲiŋɡ/ , ['m_R', 'a_F', 'c', 'i_R', 'tj', 'i_R', 'N', 'g']
reduce , /ridʲuːs/ , ['r', 'i_R', 'dj', 'u:_R', 's']
hybrid , /haɪbrid/ , ['h', 'aj', 'b', 'r', 'i_R', 'd']
heritage , /hɛritad̠ʒ/ , ['h', 'E_F', 'r', 'i_R', 't', 'a_F', 'dZ']
safety , /seftʰi/ , ['s', 'e_R', 'f', 'th', 'i_R']
nature , /net̠ʃa/ , ['n_R', 'e_R', 'tS', 'a_F']
crowded , /kraʊdɛd/ , ['k', 'r', 'aw', 'd', 'E_F', 'd']
wellness , /ʋɛlɲɪs/ , ['v\\', 'E_F', 'l', 'J', 'I_R', 's']
marketing , /macitʲiŋɡ/ , ['m_R', 'a_F', 'c', 'i_R', 'tj', 'i_R', 'N', 'g']
recovery , /rɪkəʋəri/ , ['r', 'I_R', 'k', '@', 'v\\', '@', 'r', 'i_R']
