ability , /abʲiʎitʲi/ , ['a_F', 'bj', 'i_R', 'L', 'i_R', 'tj', 'i_R']
about , /abaʊt/ , ['a_F', 'b', 'aw', 't']
abroad , /abrɔd/ , ['a_F', 'b', 'r', 'O_R', 'd']
accelerated , /aksɛləreːtʲɪɖ/ , ['a_F', 'k', 's', 'E_F', 'l', '@', 'r', 'e:_R', 'tj', 'I_R', 'd`']
access , /aksɛs/ , ['a_F', 'k', 's', 'E_F', 's']
accessibility , /aksɛsəbʲɪʎɪtʲi/ , ['a_F', 'k', 's', 'E_F', 's', '@', 'bj', 'I_R', 'L', 'I_R', 'tj', 'i_R']
accessible , /aksɛsəbəl/ , ['a_F', 'k', 's', 'E_F', 's', '@', 'b', '@', 'l']
accessories , /aksɛsɔriz/ , ['a_F', 'k', 's', 'E_F', 's', 'O_R', 'r', 'i_R', 'z']
accomplishments , /akʰɔmpʎiʃmɛnts/ , ['a_F', 'kh', 'O_R', 'm_R', 'p', 'L', 'i_R', 'S', 'm_R', 'E_F', 'n_R', 't', 's']
accumulated , /acuːmʲʊletɛd/ , ['a_F', 'c', 'u:_R', 'mj', 'U_R', 'l', 'e_R', 't', 'E_F', 'd']
accuracy , /acʊrasi/ , ['a_F', 'c', 'U_R', 'r', 'a_F', 's', 'i_R']
achievements , /at̠ʃiːvmɛnts/ , ['a_F', 'tS', 'i:_R', 'v', 'm_R', 'E_F', 'n_R', 't', 's']
achieving , /at̠ʃiːvʲiŋɡ/ , ['a_F', 'tS', 'i:_R', 'vj', 'i_R', 'N', 'g']
actions , /acʃɔnz/ , ['a_F', 'c', 'S', 'O_R', 'n_R', 'z']
activated , /aktʲivetɛd/ , ['a_F', 'k', 'tj', 'i_R', 'v', 'e_R', 't', 'E_F', 'd']
activities , /aktʲɪvɪtʲiz/ , ['a_F', 'k', 'tj', 'I_R', 'v', 'I_R', 'tj', 'i_R', 'z']
actually , /akʈuəʎi/ , ['a_F', 'k', 't`', 'u', '@', 'L', 'i_R']
adapt , /adapt/ , ['a_F', 'd', 'a_F', 'p', 't']
adapted , /adaptɛd/ , ['a_F', 'd', 'a_F', 'p', 't', 'E_F', 'd']
adapter , /ədaptə/ , ['@', 'd', 'a_F', 'p', 't', '@']
addition , /adʲiʃɔn/ , ['a_F', 'dj', 'i_R', 'S', 'O_R', 'n_R']
adults , /adɐɫts/ , ['a_F', 'd', '6', '5_R', 't', 's']
advanced , /advanst/ , ['a_F', 'd', 'v', 'a_F', 'n_R', 's', 't']
advantage , /advantad̠ʒ/ , ['a_F', 'd', 'v', 'a_F', 'n_R', 't', 'a_F', 'dZ']
adventure , /advɛnt̠ʃa/ , ['a_F', 'd', 'v', 'E_F', 'n_R', 'tS', 'a_F']
aerobic , /arobʲik/ , ['a_F', 'r', 'o', 'bj', 'i_R', 'k']
affecting , /afɛktʲiŋɡ/ , ['a_F', 'f', 'E_F', 'k', 'tj', 'i_R', 'N', 'g']
afternoon , /aftanuːn/ , ['a_F', 'f', 't', 'a_F', 'n_R', 'u:_R', 'n_R']
agreement , /aɟriːmɛnt/ , ['a_F', 'gj', 'r', 'i:_R', 'm_R', 'E_F', 'n_R', 't']
agriculture , /aɟrɪkəlt̠ʃə/ , ['a_F', 'gj', 'r', 'I_R', 'k', '@', 'l', 'tS', '@']
airport , /ɛrpʰɔrt/ , ['E_F', 'r', 'ph', 'O', 'r', 't']
algorithm , /aɫɡɔriðam/ , ['a_F', '5_R', 'g', 'O_R', 'r', 'i_R', 'D', 'a_F', 'm_R']
algorithms , /aɫɡɔriðamz/ , ['a_F', '5_R', 'g', 'O_R', 'r', 'i_R', 'D', 'a_F', 'm_R', 'z']
along , /alɔŋɡ/ , ['a_F', 'l', 'O_R', 'N', 'g']
alright , /ɔɫraɪt/ , ['O', '5_R', 'r', 'aj', 't']
amazing , /ameziŋɡ/ , ['a_F', 'm_R', 'e_R', 'z', 'i_R', 'N', 'g']
analysis , /anaʎisis/ , ['a_F', 'n_R', 'a_F', 'L', 'i_R', 's', 'i_R', 's']
analytics , /anaʎitʲiks/ , ['a_F', 'n_R', 'a_F', 'L', 'i_R', 'tj', 'i_R', 'k', 's']
animation , /aɲimeʃɔn/ , ['a_F', 'J', 'i_R', 'm_R', 'e_R', 'S', 'O_R', 'n_R']
apparel , /apʰarɛɫ/ , ['a_F', 'ph', 'a_F', 'r', 'E_F', '5_R']
appointment , /apʰoɪntmɛnt/ , ['a_F', 'ph', 'oj', 'n_R', 't', 'm_R', 'E_F', 'n_R', 't']
appreciate , /apriʃiet/ , ['a_F', 'p', 'r', 'i_R', 'S', 'i_R', 'e_R', 't']
appreciated , /apriʃietɛd/ , ['a_F', 'p', 'r', 'i_R', 'S', 'i_R', 'e_R', 't', 'E_F', 'd']
approach , /aprot̠ʃ/ , ['a_F', 'p', 'r', 'o', 'tS']
architect , /acitʰɛkt/ , ['a_F', 'c', 'i_R', 'th', 'E_F', 'k', 't']
architecture , /acitʰɛkt̠ʃa/ , ['a_F', 'c', 'i_R', 'th', 'E_F', 'k', 'tS', 'a_F']
archives , /akʰaɪvz/ , ['a_F', 'kh', 'aj', 'v', 'z']
arguments , /aɟʊmɛnts/ , ['a_F', 'gj', 'U_R', 'm_R', 'E_F', 'n_R', 't', 's']
around , /araʊnd/ , ['a_F', 'r', 'aw', 'n_R', 'd']
arriving , /araɪvʲiŋɡ/ , ['a_F', 'r', 'aj', 'vj', 'i_R', 'N', 'g']
art , /ɑrt/ , ['A', 'r', 't']
assets , /asɛɛts/ , ['a_F', 's', 'E_F', 'E_F', 't', 's']
athlete , /atʎiːʈ/ , ['a_F', 't', 'L', 'i:_R', 't`']
atmosphere , /atmasfʲia/ , ['a_F', 't', 'm_R', 'a_F', 's', 'fj', 'i_R', 'a_F']
attending , /atʰɛɲdʲiŋɡ/ , ['a_F', 'th', 'E_F', 'J', 'dj', 'i_R', 'N', 'g']
attraction , /atracʃɔn/ , ['a_F', 't', 'r', 'a_F', 'c', 'S', 'O_R', 'n_R']
attractions , /atracʃɔnz/ , ['a_F', 't', 'r', 'a_F', 'c', 'S', 'O_R', 'n_R', 'z']
attractive , /atraktʲiv/ , ['a_F', 't', 'r', 'a_F', 'k', 'tj', 'i_R', 'v']
attracts , /atraks/ , ['a_F', 't', 'r', 'a_F', 'k', 's']
audiences , /ɑːdʲiənsɪz/ , ['A:_R', 'dj', 'i_R', '@', 'n_R', 's', 'I_R', 'z']
authentic , /ɔθɛntʲɪk/ , ['O', 'T', 'E_F', 'n_R', 'tj', 'I_R', 'k']
authenticity , /ɔːtəntʲɪsɪtʲi/ , ['O:', 't', '@', 'n_R', 'tj', 'I_R', 's', 'I_R', 'tj', 'i_R']
authority , /ɔːtɔrɪtʲi/ , ['O:', 't', 'O', 'r', 'I_R', 'tj', 'i_R']
available , /avelabʊɫ/ , ['a_F', 'v', 'e_R', 'l', 'a_F', 'b', 'U_R', '5_R']
away , /awe/ , ['a_F', 'w', 'e_R']
background , /bakɡraʊnd/ , ['b', 'a_F', 'k', 'g', 'r', 'aw', 'n_R', 'd']
balancing , /balansiŋɡ/ , ['b', 'a_F', 'l', 'a_F', 'n_R', 's', 'i_R', 'N', 'g']
barriers , /barɪəz/ , ['b', 'a_F', 'r', 'I_R', '@', 'z']
beautiful , /bʲuːtʲɪfəɫ/ , ['bj', 'u:', 'tj', 'I_R', 'f', '@', '5_R']
becoming , /bəkʰɐmʲɪŋ/ , ['b', '@', 'kh', '6', 'mj', 'I_R', 'N']
bedtime , /bɛdtʰaɪm/ , ['b', 'E_F', 'd', 'th', 'aj', 'm_R']
before , /bəfɔr/ , ['b', '@', 'f', 'O', 'r']
beginners , /bəɟɪnəz/ , ['b', '@', 'gj', 'I_R', 'n_R', '@', 'z']
beginning , /bɛɟiɲiŋɡ/ , ['b', 'E_F', 'gj', 'i_R', 'J', 'i_R', 'N', 'g']
behavior , /bɛçevʲɔ/ , ['b', 'E_F', 'C', 'e_R', 'vj', 'O_R']
belief , /bəʎiːf/ , ['b', '@', 'L', 'i:_R', 'f']
benefits , /bɛnəfʲɪts/ , ['b', 'E_F', 'n_R', '@', 'fj', 'I_R', 't', 's']
between , /bɛtiːn/ , ['b', 'E_F', 't', 'i:_R', 'n_R']
biodiversity , /baɪoudaɪvəsɪtʲi/ , ['b', 'aj', 'ow', 'd', 'aj', 'v', '@', 's', 'I_R', 'tj', 'i_R']
blossoms , /blɑsəmz/ , ['b', 'l', 'A', 's', '@', 'm_R', 'z']
blueprint , /bluːprint/ , ['b', 'l', 'u:_R', 'p', 'r', 'i_R', 'n_R', 't']
bohemian , /bouiːmʲiən/ , ['b', 'ow', 'i:_R', 'mj', 'i_R', '@', 'n_R']
boosted , /buːstɛd/ , ['b', 'u:_R', 's', 't', 'E_F', 'd']
bordeaux , /bɔrdou/ , ['b', 'O', 'r', 'd', 'ow']
brainstorming , /brenstɔmʲiŋɡ/ , ['b', 'r', 'e_R', 'n_R', 's', 't', 'O_R', 'mj', 'i_R', 'N', 'g']
brands , /brandz/ , ['b', 'r', 'a_F', 'n_R', 'd', 'z']
breathtaking , /brɛtʈeːcɪŋ/ , ['b', 'r', 'E_F', 't', 't`', 'e:_R', 'c', 'I_R', 'N']
bridge , /brid̠ʒ/ , ['b', 'r', 'i_R', 'dZ']
brightly , /braɪtʎi/ , ['b', 'r', 'aj', 't', 'L', 'i_R']
business , /bʲizɲis/ , ['bj', 'i_R', 'z', 'J', 'i_R', 's']
cafes , /cæfeiz/ , ['c', '{', 'f', 'ej', 'z']
calendar , /cæləndə/ , ['c', '{', 'l', '@', 'n_R', 'd', '@']
canals , /ceːnəlz/ , ['c', 'e:_R', 'n_R', '@', 'l', 'z']
capsule , /cæpsəɫ/ , ['c', '{', 'p', 's', '@', '5_R']
capturing , /cæpt̠ʃərɪŋ/ , ['c', '{', 'p', 'tS', '@', 'r', 'I_R', 'N']
career , /kərɪə/ , ['k', '@', 'r', 'I_R', '@']
carnival , /cɛrɲɪvəɫ/ , ['c', 'E_F', 'r', 'J', 'I_R', 'v', '@', '5_R']
carnivals , /kɑːɲɪʋəlz/ , ['k', 'A:_R', 'J', 'I_R', 'v\\', '@', 'l', 'z']
carvings , /kɑːʋɪŋz/ , ['k', 'A:_R', 'v\\', 'I_R', 'N', 'z']
castle , /cæsəɫ/ , ['c', '{', 's', '@', '5_R']
catalyst , /cætəʎɪst/ , ['c', '{', 't', '@', 'L', 'I_R', 's', 't']
cathedral , /kətiːɖəl/ , ['k', '@', 't', 'i:_R', 'd`', '@', 'l']
caves , /ceːʋz/ , ['c', 'e:_R', 'v\\', 'z']
celebrate , /sɛləbreːʈ/ , ['s', 'E_F', 'l', '@', 'b', 'r', 'e:_R', 't`']
celebrating , /sɛləbreːtʲɪŋ/ , ['s', 'E_F', 'l', '@', 'b', 'r', 'e:_R', 'tj', 'I_R', 'N']
celebration , /sɛləbreːʃən/ , ['s', 'E_F', 'l', '@', 'b', 'r', 'e:_R', 'S', '@', 'n_R']
central , /sɛntəɫ/ , ['s', 'E_F', 'n_R', 't', '@', '5_R']
ceremony , /sɛrəmouɲi/ , ['s', 'E_F', 'r', '@', 'm_R', 'ow', 'J', 'i_R']
certification , /saːtʲifʲiceʃɔn/ , ['s', 'a:', 'tj', 'i_R', 'fj', 'i_R', 'c', 'e_R', 'S', 'O_R', 'n_R']
certifications , /saːtʲifʲiceʃɔnz/ , ['s', 'a:', 'tj', 'i_R', 'fj', 'i_R', 'c', 'e_R', 'S', 'O_R', 'n_R', 'z']
challenging , /t̠ʃalənd̠ʒɪŋ/ , ['tS', 'a_F', 'l', '@', 'n_R', 'dZ', 'I_R', 'N']
chance , /t̠ʃans/ , ['tS', 'a_F', 'n_R', 's']
change , /t̠ʃend̠ʒ/ , ['tS', 'e_R', 'n_R', 'dZ']
changes , /t̠ʃend̠ʒɛz/ , ['tS', 'e_R', 'n_R', 'dZ', 'E_F', 'z']
changing , /t̠ʃend̠ʒiŋɡ/ , ['tS', 'e_R', 'n_R', 'dZ', 'i_R', 'N', 'g']
cherished , /t̠ʃɛriʃt/ , ['tS', 'E_F', 'r', 'i_R', 'S', 't']
chicken , /t̠ʃicɛn/ , ['tS', 'i_R', 'c', 'E_F', 'n_R']
childhood , /t̠ʃaɪɫdhʊd/ , ['tS', 'aj', '5_R', 'd', 'h', 'U_R', 'd']
children , /t̠ʃɪɫdən/ , ['tS', 'I_R', '5_R', 'd', '@', 'n_R']
china , /t̠ʃaɪna/ , ['tS', 'aj', 'n_R', 'a_F']
chocolate , /t̠ʃɔcʎɪt/ , ['tS', 'O', 'c', 'L', 'I_R', 't']
choices , /t̠ʃoɪsɛz/ , ['tS', 'oj', 's', 'E_F', 'z']
chunky , /t̠ʃɐɲci/ , ['tS', '6', 'J', 'c', 'i_R']
cities , /sitʰiz/ , ['s', 'i_R', 'th', 'i_R', 'z']
city , /sitʲi/ , ['s', 'i_R', 'tj', 'i_R']
civilization , /sɪvələzeiʃən/ , ['s', 'I_R', 'v', '@', 'l', '@', 'z', 'ej', 'S', '@', 'n_R']
classical , /cʎasɪkəl/ , ['c', 'L', 'a_F', 's', 'I_R', 'k', '@', 'l']
client , /klaɪənt/ , ['k', 'l', 'aj', '@', 'n_R', 't']
climate , /klaɪmʲit/ , ['k', 'l', 'aj', 'mj', 'i_R', 't']
climax , /klaɪmaks/ , ['k', 'l', 'aj', 'm_R', 'a_F', 'k', 's']
climbers , /klaɪməɾz/ , ['k', 'l', 'aj', 'm_R', '@', '4', 'z']
climbing , /cʎɪmʲɪŋ/ , ['c', 'L', 'I_R', 'mj', 'I_R', 'N']
clinic , /cʎiɲik/ , ['c', 'L', 'i_R', 'J', 'i_R', 'k']
closest , /klousɪst/ , ['k', 'l', 'ow', 's', 'I_R', 's', 't']
clothing , /klouðɪŋ/ , ['k', 'l', 'ow', 'D', 'I_R', 'N']
coffee , /kɔfʲi/ , ['k', 'O', 'fj', 'i_R']
collaboration , /kəlabəreːʃən/ , ['k', '@', 'l', 'a_F', 'b', '@', 'r', 'e:_R', 'S', '@', 'n_R']
collagen , /kɔləd̠ʒən/ , ['k', 'O', 'l', '@', 'dZ', '@', 'n_R']
colleagues , /kɔʎiːɡz/ , ['k', 'O', 'L', 'i:_R', 'g', 'z']
collection , /kəlɛcʃən/ , ['k', '@', 'l', 'E_F', 'c', 'S', '@', 'n_R']
colorful , /kələfəl/ , ['k', '@', 'l', '@', 'f', '@', 'l']
colors , /kələz/ , ['k', '@', 'l', '@', 'z']
colosseum , /kʰɔləsiəm/ , ['kh', 'O', 'l', '@', 's', 'i_R', '@', 'm_R']
combination , /kɔmbʲɪɲeːʃən/ , ['k', 'O', 'm_R', 'bj', 'I_R', 'J', 'e:_R', 'S', '@', 'n_R']
comfortable , /kəmfəʈəbəl/ , ['k', '@', 'm_R', 'f', '@', 't`', '@', 'b', '@', 'l']
communication , /kəmʲuːɲɪceːʃən/ , ['k', '@', 'mj', 'u:', 'J', 'I_R', 'c', 'e:_R', 'S', '@', 'n_R']
communities , /kəmʲuːɲɪtʲiz/ , ['k', '@', 'mj', 'u:', 'J', 'I_R', 'tj', 'i_R', 'z']
community , /kəmʲuːɲɪtʲi/ , ['k', '@', 'mj', 'u:', 'J', 'I_R', 'tj', 'i_R']
companies , /kəmpəɲiz/ , ['k', '@', 'm_R', 'p', '@', 'J', 'i_R', 'z']
company , /kəmpəɲi/ , ['k', '@', 'm_R', 'p', '@', 'J', 'i_R']
competitive , /kəmpɛtʲɪtʲɪʋ/ , ['k', '@', 'm_R', 'p', 'E_F', 'tj', 'I_R', 'tj', 'I_R', 'v\\']
complex , /kɔmplɛks/ , ['k', 'O', 'm_R', 'p', 'l', 'E_F', 'k', 's']
composing , /kəmpoːzɪŋ/ , ['k', '@', 'm_R', 'p', 'o:_R', 'z', 'I_R', 'N']
compromising , /kəmprɔmʲɪsɪŋ/ , ['k', '@', 'm_R', 'p', 'r', 'O', 'mj', 'I_R', 's', 'I_R', 'N']
concept , /kɔnsɛpʈ/ , ['k', 'O', 'n_R', 's', 'E_F', 'p', 't`']
confidence , /kɔmfʲɪɖəns/ , ['k', 'O', 'm_R', 'fj', 'I_R', 'd`', '@', 'n_R', 's']
confirm , /kəmfəm/ , ['k', '@', 'm_R', 'f', '@', 'm_R']
connection , /kənɛcʃən/ , ['k', '@', 'n_R', 'E_F', 'c', 'S', '@', 'n_R']
connectivity , /kənɛktʲɪʋɪtʲi/ , ['k', '@', 'n_R', 'E_F', 'k', 'tj', 'I_R', 'v\\', 'I_R', 'tj', 'i_R']
consistency , /kənsɪsʈənsi/ , ['k', '@', 'n_R', 's', 'I_R', 's', 't`', '@', 'n_R', 's', 'i_R']
constructive , /kənsʈrəktʲɪʋ/ , ['k', '@', 'n_R', 's', 't`', 'r', '@', 'k', 'tj', 'I_R', 'v\\']
consulted , /kənsəltʲɪɖ/ , ['k', '@', 'n_R', 's', '@', 'l', 'tj', 'I_R', 'd`']
consumption , /kənsəmpʃən/ , ['k', '@', 'n_R', 's', '@', 'm_R', 'p', 'S', '@', 'n_R']
contact , /kɔnʈakʈ/ , ['k', 'O', 'n_R', 't`', 'a_F', 'k', 't`']
continues , /kəntʲɪɲuːz/ , ['k', '@', 'n_R', 'tj', 'I_R', 'J', 'u:', 'z']
continuous , /kəntʲɪɲuːəs/ , ['k', '@', 'n_R', 'tj', 'I_R', 'J', 'u:', '@', 's']
contract , /kɔnʈrakʈ/ , ['k', 'O', 'n_R', 't`', 'r', 'a_F', 'k', 't`']
control , /kənʈroːl/ , ['k', '@', 'n_R', 't`', 'r', 'o:_R', 'l']
controls , /kənʈroːlz/ , ['k', '@', 'n_R', 't`', 'r', 'o:_R', 'l', 'z']
controversy , /kɔnʈrəʋəsi/ , ['k', 'O', 'n_R', 't`', 'r', '@', 'v\\', '@', 's', 'i_R']
convenient , /kəmʋiːɲiənʈ/ , ['k', '@', 'm_R', 'v\\', 'i:_R', 'J', 'i_R', '@', 'n_R', 't`']
corporation , /kɔːpəreːʃən/ , ['k', 'O:', 'p', '@', 'r', 'e:_R', 'S', '@', 'n_R']
correct , /kərɛkʈ/ , ['k', '@', 'r', 'E_F', 'k', 't`']
countries , /kənʈriz/ , ['k', '@', 'n_R', 't`', 'r', 'i_R', 'z']
counts , /kaʊnʈs/ , ['k', 'aw', 'n_R', 't`', 's']
cream , /criːm/ , ['c', 'r', 'i:_R', 'm_R']
created , /crietɛd/ , ['c', 'r', 'i_R', 'e_R', 't', 'E_F', 'd']
creates , /criets/ , ['c', 'r', 'i_R', 'e_R', 't', 's']
creating , /criːetʲiŋɡ/ , ['c', 'r', 'i:_R', 'e_R', 'tj', 'i_R', 'N', 'g']
creation , /crieiʃən/ , ['c', 'r', 'i_R', 'ej', 'S', '@', 'n_R']
creative , /crietʲiv/ , ['c', 'r', 'i_R', 'e_R', 'tj', 'i_R', 'v']
crisis , /kraɪsis/ , ['k', 'r', 'aj', 's', 'i_R', 's']
crisp , /crisp/ , ['c', 'r', 'i_R', 's', 'p']
crispy , /crispʲi/ , ['c', 'r', 'i_R', 's', 'pj', 'i_R']
critical , /critʲikaɫ/ , ['c', 'r', 'i_R', 'tj', 'i_R', 'k', 'a_F', '5_R']
criticism , /critʲisizam/ , ['c', 'r', 'i_R', 'tj', 'i_R', 's', 'i_R', 'z', 'a_F', 'm_R']
crowded , /kraʊdɛd/ , ['k', 'r', 'aw', 'd', 'E_F', 'd']
crucial , /kruːʃaɫ/ , ['k', 'r', 'u:_R', 'S', 'a_F', '5_R']
cubist , /cuːbʲɪsʈ/ , ['c', 'u:', 'bj', 'I_R', 's', 't`']
cultural , /kəlt̠ʃərəl/ , ['k', '@', 'l', 'tS', '@', 'r', '@', 'l']
culture , /kəlt̠ʃə/ , ['k', '@', 'l', 'tS', '@']
currency , /kərənsi/ , ['k', '@', 'r', '@', 'n_R', 's', 'i_R']
data , /data/ , ['d', 'a_F', 't', 'a_F']
daunting , /dɔntʲɪŋ/ , ['d', 'O', 'n_R', 'tj', 'I_R', 'N']
days , /dez/ , ['d', 'e_R', 'z']
deadlines , /dɛdlaɪnz/ , ['d', 'E_F', 'd', 'l', 'aj', 'n_R', 'z']
december , /dɛsɛmba/ , ['d', 'E_F', 's', 'E_F', 'm_R', 'b', 'a_F']
decentralized , /dɛsɛntralaɪzd/ , ['d', 'E_F', 's', 'E_F', 'n_R', 't', 'r', 'a_F', 'l', 'aj', 'z', 'd']
decided , /dɛsaɪdɛd/ , ['d', 'E_F', 's', 'aj', 'd', 'E_F', 'd']
deciding , /dɛsaɪdʲiŋɡ/ , ['d', 'E_F', 's', 'aj', 'dj', 'i_R', 'N', 'g']
decision , /dɛsiʃɔn/ , ['d', 'E_F', 's', 'i_R', 'S', 'O_R', 'n_R']
definitely , /dɛfəɲɪtʲʎi/ , ['d', 'E_F', 'f', '@', 'J', 'I_R', 'tj', 'L', 'i_R']
delivered , /dɛʎivad/ , ['d', 'E_F', 'L', 'i_R', 'v', 'a_F', 'd']
demand , /dəmænd/ , ['d', '@', 'm_R', '{', 'n_R', 'd']
demands , /dɛmandz/ , ['d', 'E_F', 'm_R', 'a_F', 'n_R', 'd', 'z']
department , /dəpʰɑrtmənt/ , ['d', '@', 'ph', 'A', 'r', 't', 'm_R', '@', 'n_R', 't']
depending , /dɛpʰɛɲdʲiŋɡ/ , ['d', 'E_F', 'ph', 'E_F', 'J', 'dj', 'i_R', 'N', 'g']
desert , /dɛzat/ , ['d', 'E_F', 'z', 'a_F', 't']
design , /dɛzaɪn/ , ['d', 'E_F', 'z', 'aj', 'n_R']
desk , /dɛsk/ , ['d', 'E_F', 's', 'k']
destination , /dɛstʲineʃɔn/ , ['d', 'E_F', 's', 'tj', 'i_R', 'n_R', 'e_R', 'S', 'O_R', 'n_R']
destinations , /dɛstʲineʃɔnz/ , ['d', 'E_F', 's', 'tj', 'i_R', 'n_R', 'e_R', 'S', 'O_R', 'n_R', 'z']
detailed , /dɛtʰeɫd/ , ['d', 'E_F', 'th', 'e_R', '5_R', 'd']
details , /dɛtʰeɫz/ , ['d', 'E_F', 'th', 'e_R', '5_R', 'z']
determination , /dɛtʰaːmʲineʃɔn/ , ['d', 'E_F', 'th', 'a:', 'mj', 'i_R', 'n_R', 'e_R', 'S', 'O_R', 'n_R']
development , /dɛvɛlɔpmɛnt/ , ['d', 'E_F', 'v', 'E_F', 'l', 'O_R', 'p', 'm_R', 'E_F', 'n_R', 't']
diagrams , /daɪəɡramz/ , ['d', 'aj', '@', 'g', 'r', 'a_F', 'm_R', 'z']
difference , /dʲɪfərəns/ , ['dj', 'I_R', 'f', '@', 'r', '@', 'n_R', 's']
dimension , /daɪmɛnʃɔn/ , ['d', 'aj', 'm_R', 'E_F', 'n_R', 'S', 'O_R', 'n_R']
dinner , /dʲina/ , ['dj', 'i_R', 'n_R', 'a_F']
direction , /daɪrɛcʃɔn/ , ['d', 'aj', 'r', 'E_F', 'c', 'S', 'O_R', 'n_R']
directly , /daɪrɛktʎi/ , ['d', 'aj', 'r', 'E_F', 'k', 't', 'L', 'i_R']
directory , /daɪrɛktɔri/ , ['d', 'aj', 'r', 'E_F', 'k', 't', 'O_R', 'r', 'i_R']
discussed , /dʲɪskɐst/ , ['dj', 'I_R', 's', 'k', '6', 's', 't']
display , /dʲisple/ , ['dj', 'i_R', 's', 'p', 'l', 'e_R']
distortion , /dʲɪstɔrʃən/ , ['dj', 'I_R', 's', 't', 'O', 'r', 'S', '@', 'n_R']
distractions , /dʲistracʃɔnz/ , ['dj', 'i_R', 's', 't', 'r', 'a_F', 'c', 'S', 'O_R', 'n_R', 'z']
district , /dʲistrikt/ , ['dj', 'i_R', 's', 't', 'r', 'i_R', 'k', 't']
document , /dɑcʊmənt/ , ['d', 'A', 'c', 'U_R', 'm_R', '@', 'n_R', 't']
domestic , /dɔmɛstʲik/ , ['d', 'O_R', 'm_R', 'E_F', 's', 'tj', 'i_R', 'k']
dominate , /dɔməɲeit/ , ['d', 'O', 'm_R', '@', 'J', 'ej', 't']
dominating , /dɑməɲeitʲɪŋ/ , ['d', 'A', 'm_R', '@', 'J', 'ej', 'tj', 'I_R', 'N']
downtown , /daʊntʰaʊn/ , ['d', 'aw', 'n_R', 'th', 'aw', 'n_R']
drama , /drama/ , ['d', 'r', 'a_F', 'm_R', 'a_F']
dramatically , /dramatʲikaʎi/ , ['d', 'r', 'a_F', 'm_R', 'a_F', 'tj', 'i_R', 'k', 'a_F', 'L', 'i_R']
drawings , /drɔːɪŋz/ , ['d', 'r', 'O:', 'I_R', 'N', 'z']
dream , /driːm/ , ['d', 'r', 'i:_R', 'm_R']
drink , /driŋk/ , ['d', 'r', 'i_R', 'N', 'k']
durability , /dʊrəbʲɪʎɪtʲi/ , ['d', 'U_R', 'r', '@', 'bj', 'I_R', 'L', 'I_R', 'tj', 'i_R']
dynamic , /daɪnamʲik/ , ['d', 'aj', 'n_R', 'a_F', 'mj', 'i_R', 'k']
dynasty , /daɪnəstʲi/ , ['d', 'aj', 'n_R', '@', 's', 'tj', 'i_R']
earliest , /aːʎiast/ , ['a:', 'L', 'i_R', 'a_F', 's', 't']
easier , /iːzia/ , ['i:_R', 'z', 'i_R', 'a_F']
eclectic , /ɛcʎɛktʲik/ , ['E_F', 'c', 'L', 'E_F', 'k', 'tj', 'i_R', 'k']
economics , /ɛkɔnɔmʲiks/ , ['E_F', 'k', 'O_R', 'n_R', 'O_R', 'mj', 'i_R', 'k', 's']
economies , /ɛkʰɔnɔmʲiz/ , ['E_F', 'kh', 'O_R', 'n_R', 'O_R', 'mj', 'i_R', 'z']
ecosystems , /ikʰousɪstəmz/ , ['i_R', 'kh', 'ow', 's', 'I_R', 's', 't', '@', 'm_R', 'z']
education , /ɛdʲʊceʃɔn/ , ['E_F', 'dj', 'U_R', 'c', 'e_R', 'S', 'O_R', 'n_R']
effective , /ɛfɛktʲiv/ , ['E_F', 'f', 'E_F', 'k', 'tj', 'i_R', 'v']
effectively , /ɛfɛktʲivʎi/ , ['E_F', 'f', 'E_F', 'k', 'tj', 'i_R', 'v', 'L', 'i_R']
efficiency , /ɛfʲiʃɛnsi/ , ['E_F', 'fj', 'i_R', 'S', 'E_F', 'n_R', 's', 'i_R']
effortlessly , /ɛfɔtlɛsʎi/ , ['E_F', 'f', 'O_R', 't', 'l', 'E_F', 's', 'L', 'i_R']
elegance , /ɛʎiɡans/ , ['E_F', 'L', 'i_R', 'g', 'a_F', 'n_R', 's']
embrace , /ɛmbres/ , ['E_F', 'm_R', 'b', 'r', 'e_R', 's']
emerging , /ɛmaːd̠ʒiŋɡ/ , ['E_F', 'm_R', 'a:', 'dZ', 'i_R', 'N', 'g']
emotion , /ɛmoʃɔn/ , ['E_F', 'm_R', 'o', 'S', 'O_R', 'n_R']
emotional , /ɛmoʃɔnaɫ/ , ['E_F', 'm_R', 'o', 'S', 'O_R', 'n_R', 'a_F', '5_R']
empire , /ɛmpaɪə/ , ['E_F', 'm_R', 'p', 'aj', '@']
employees , /ɛmploɪiːz/ , ['E_F', 'm_R', 'p', 'l', 'oj', 'i:_R', 'z']
encouraged , /ɛŋkɔrid̠ʒd/ , ['E_F', 'N', 'k', 'O_R', 'r', 'i_R', 'dZ', 'd']
encourages , /ɛŋkɔrid̠ʒɛz/ , ['E_F', 'N', 'k', 'O_R', 'r', 'i_R', 'dZ', 'E_F', 'z']
energy , /ɛnad̠ʒi/ , ['E_F', 'n_R', 'a_F', 'dZ', 'i_R']
engagement , /ɛŋɡed̠ʒmɛnt/ , ['E_F', 'N', 'g', 'e_R', 'dZ', 'm_R', 'E_F', 'n_R', 't']
engaging , /ɛŋɡed̠ʒiŋɡ/ , ['E_F', 'N', 'g', 'e_R', 'dZ', 'i_R', 'N', 'g']
enhance , /ɛnhans/ , ['E_F', 'n_R', 'h', 'a_F', 'n_R', 's']
enhances , /ɛnhansɛz/ , ['E_F', 'n_R', 'h', 'a_F', 'n_R', 's', 'E_F', 'z']
enthusiasts , /ɪntjuːzɪasʈs/ , ['I_R', 'n_R', 't', 'j_R', 'u:', 'z', 'I_R', 'a_F', 's', 't`', 's']
environmental , /ɛmvaɪanmɛntaɫ/ , ['E_F', 'm_R', 'v', 'aj', 'a_F', 'n_R', 'm_R', 'E_F', 'n_R', 't', 'a_F', '5_R']
environments , /ɛmvaɪanmɛnts/ , ['E_F', 'm_R', 'v', 'aj', 'a_F', 'n_R', 'm_R', 'E_F', 'n_R', 't', 's']
escapes , /ɛsceps/ , ['E_F', 's', 'c', 'e_R', 'p', 's']
essential , /ɛsɛnʃaɫ/ , ['E_F', 's', 'E_F', 'n_R', 'S', 'a_F', '5_R']
established , /ɛstabʎiʃt/ , ['E_F', 's', 't', 'a_F', 'b', 'L', 'i_R', 'S', 't']
evenings , /ɛvɲiŋɡz/ , ['E_F', 'v', 'J', 'i_R', 'N', 'g', 'z']
everyone , /ɛriwɐn/ , ['E_F', 'r', 'i_R', 'w', '6', 'n_R']
everything , /ɛriθɪŋ/ , ['E_F', 'r', 'i_R', 'T', 'I_R', 'N']
everywhere , /ɛriwɛr/ , ['E_F', 'r', 'i_R', 'w', 'E_F', 'r']
evolving , /ɪvɔɫvɪŋ/ , ['I_R', 'v', 'O', '5_R', 'v', 'I_R', 'N']
exactly , /ɛɡzaktʎi/ , ['E_F', 'g', 'z', 'a_F', 'k', 't', 'L', 'i_R']
excessive , /ɛksɛsiv/ , ['E_F', 'k', 's', 'E_F', 's', 'i_R', 'v']
excluded , /ɛkskluːdɛd/ , ['E_F', 'k', 's', 'k', 'l', 'u:_R', 'd', 'E_F', 'd']
exhibit , /ɛɡzibʲit/ , ['E_F', 'g', 'z', 'i_R', 'bj', 'i_R', 't']
expand , /ɛkspand/ , ['E_F', 'k', 's', 'p', 'a_F', 'n_R', 'd']
expands , /ɛkspandz/ , ['E_F', 'k', 's', 'p', 'a_F', 'n_R', 'd', 'z']
expect , /ɛkspɛkt/ , ['E_F', 'k', 's', 'p', 'E_F', 'k', 't']
experience , /ɛkspʲiriɛns/ , ['E_F', 'k', 's', 'pj', 'i_R', 'r', 'i_R', 'E_F', 'n_R', 's']
experiences , /ɛkspʲiriɛnsɛz/ , ['E_F', 'k', 's', 'pj', 'i_R', 'r', 'i_R', 'E_F', 'n_R', 's', 'E_F', 'z']
experiential , /ɛkspɪriɛnʃəl/ , ['E_F', 'k', 's', 'p', 'I_R', 'r', 'i_R', 'E_F', 'n_R', 'S', '@', 'l']
explained , /ɛksplend/ , ['E_F', 'k', 's', 'p', 'l', 'e_R', 'n_R', 'd']
explore , /ɛksplɔ/ , ['E_F', 'k', 's', 'p', 'l', 'O_R']
exploring , /ɛksplɔːrɪŋ/ , ['E_F', 'k', 's', 'p', 'l', 'O:', 'r', 'I_R', 'N']
exposed , /ɛkspozd/ , ['E_F', 'k', 's', 'p', 'o', 'z', 'd']
exposure , /ɛkspoʃa/ , ['E_F', 'k', 's', 'p', 'o', 'S', 'a_F']
extend , /ɛkstɛnd/ , ['E_F', 'k', 's', 't', 'E_F', 'n_R', 'd']
family , /famʲiʎi/ , ['f', 'a_F', 'mj', 'i_R', 'L', 'i_R']
famous , /femus/ , ['f', 'e_R', 'm_R', 'u', 's']
fascinated , /fasinetɛd/ , ['f', 'a_F', 's', 'i_R', 'n_R', 'e_R', 't', 'E_F', 'd']
fascinating , /fasinetʲiŋɡ/ , ['f', 'a_F', 's', 'i_R', 'n_R', 'e_R', 'tj', 'i_R', 'N', 'g']
fashion , /faʃɔn/ , ['f', 'a_F', 'S', 'O_R', 'n_R']
faster , /fasta/ , ['f', 'a_F', 's', 't', 'a_F']
feedback , /fʲiːdbak/ , ['fj', 'i:_R', 'd', 'b', 'a_F', 'k']
festivals , /fɛstəvəɫz/ , ['f', 'E_F', 's', 't', '@', 'v', '@', '5_R', 'z']
filament , /fʲilamɛnt/ , ['fj', 'i_R', 'l', 'a_F', 'm_R', 'E_F', 'n_R', 't']
filter , /fʲiɫta/ , ['fj', 'i_R', '5_R', 't', 'a_F']
flavors , /fleːʋəz/ , ['f', 'l', 'e:_R', 'v\\', '@', 'z']
flexibility , /flɛksəbʲɪʎɪtʲi/ , ['f', 'l', 'E_F', 'k', 's', '@', 'bj', 'I_R', 'L', 'I_R', 'tj', 'i_R']
flexible , /flɛksəbəl/ , ['f', 'l', 'E_F', 'k', 's', '@', 'b', '@', 'l']
florence , /flɔrəns/ , ['f', 'l', 'O', 'r', '@', 'n_R', 's']
focus , /foukəs/ , ['f', 'ow', 'k', '@', 's']
focused , /foukəst/ , ['f', 'ow', 'k', '@', 's', 't']
focusing , /foukəsɪŋ/ , ['f', 'ow', 'k', '@', 's', 'I_R', 'N']
for , /fa/ , ['f', 'a_F']
forest , /fɔrɪst/ , ['f', 'O', 'r', 'I_R', 's', 't']
forever , /fɔrɛva/ , ['f', 'O_R', 'r', 'E_F', 'v', 'a_F']
forgotten , /fɔɡɔtɛn/ , ['f', 'O_R', 'g', 'O_R', 't', 'E_F', 'n_R']
forward , /fɔrəd/ , ['f', 'O', 'r', '@', 'd']
foundation , /faʊndeʃɔn/ , ['f', 'aw', 'n_R', 'd', 'e_R', 'S', 'O_R', 'n_R']
fresh , /frɛʃ/ , ['f', 'r', 'E_F', 'S']
friday , /fraɪdei/ , ['f', 'r', 'aj', 'd', 'ej']
fuji , /fuːd̠ʒi/ , ['f', 'u:_R', 'dZ', 'i_R']
functional , /fɐɲct̠ʃənəɫ/ , ['f', '6', 'J', 'c', 'tS', '@', 'n_R', '@', '5_R']
furniture , /faːɲit̠ʃa/ , ['f', 'a:', 'J', 'i_R', 'tS', 'a_F']
future , /fʲuːt̠ʃa/ , ['fj', 'u:_R', 'tS', 'a_F']
galleries , /ɡaləriz/ , ['g', 'a_F', 'l', '@', 'r', 'i_R', 'z']
gaming , /ɡemʲiŋɡ/ , ['g', 'e_R', 'mj', 'i_R', 'N', 'g']
gardens , /ɡadɛnz/ , ['g', 'a_F', 'd', 'E_F', 'n_R', 'z']
gemstone , /d̠ʒɛmstoun/ , ['dZ', 'E_F', 'm_R', 's', 't', 'ow', 'n_R']
generations , /d̠ʒɛnəreːʃənz/ , ['dZ', 'E_F', 'n_R', '@', 'r', 'e:_R', 'S', '@', 'n_R', 'z']
gigantic , /d̠ʒaɪɡantʲɪk/ , ['dZ', 'aj', 'g', 'a_F', 'n_R', 'tj', 'I_R', 'k']
globe , /ɡloub/ , ['g', 'l', 'ow', 'b']
godfather , /ɡɑdfɑðə/ , ['g', 'A', 'd', 'f', 'A', 'D', '@']
going , /ɡoɪŋ/ , ['g', 'oj', 'N']
good , /ɡʊd/ , ['g', 'U_R', 'd']
gradually , /ɡradʲuəʎi/ , ['g', 'r', 'a_F', 'dj', 'u', '@', 'L', 'i_R']
grandchildren , /ɡrandt̠ʃɪɫdən/ , ['g', 'r', 'a_F', 'n_R', 'd', 'tS', 'I_R', '5_R', 'd', '@', 'n_R']
grandmothers , /ɡranmɐðəz/ , ['g', 'r', 'a_F', 'n_R', 'm_R', '6', 'D', '@', 'z']
grandparents , /ɡrampɛːrənʈs/ , ['g', 'r', 'a_F', 'm_R', 'p', 'E:', 'r', '@', 'n_R', 't`', 's']
great , /ɡret/ , ['g', 'r', 'e_R', 't']
hackers , /hakəɾz/ , ['h', 'a_F', 'k', '@', '4', 'z']
handwritten , /handʲrɪtən/ , ['h', 'a_F', 'n_R', 'dj', 'r', 'I_R', 't', '@', 'n_R']
happiness , /hapʰinɛs/ , ['h', 'a_F', 'ph', 'i_R', 'n_R', 'E_F', 's']
harbour , /habɔ/ , ['h', 'a_F', 'b', 'O_R']
have , /av/ , ['a_F', 'v']
haven , /çevɛn/ , ['C', 'e_R', 'v', 'E_F', 'n_R']
helicopter , /hɛʎikɔpʈə/ , ['h', 'E_F', 'L', 'i_R', 'k', 'O', 'p', 't`', '@']
heritage , /hɛritad̠ʒ/ , ['h', 'E_F', 'r', 'i_R', 't', 'a_F', 'dZ']
hierarchy , /haɪərɑːci/ , ['h', 'aj', '@', 'r', 'A:_R', 'c', 'i_R']
highlighted , /haɪlaɪtɛd/ , ['h', 'aj', 'l', 'aj', 't', 'E_F', 'd']
historic , /çɪstɔrɪk/ , ['C', 'I_R', 's', 't', 'O', 'r', 'I_R', 'k']
historical , /çɪstɔrɪkəɫ/ , ['C', 'I_R', 's', 't', 'O', 'r', 'I_R', 'k', '@', '5_R']
history , /çistɔri/ , ['C', 'i_R', 's', 't', 'O_R', 'r', 'i_R']
hobby , /hɑbʲi/ , ['h', 'A', 'bj', 'i_R']
holiday , /hɑlədei/ , ['h', 'A', 'l', '@', 'd', 'ej']
hope , /houp/ , ['h', 'ow', 'p']
horizons , /hɔraɪzənz/ , ['h', 'O', 'r', 'aj', 'z', '@', 'n_R', 'z']
hotel , /houtʰɛɫ/ , ['h', 'ow', 'th', 'E_F', '5_R']
housing , /haʊzɪŋ/ , ['h', 'aw', 'z', 'I_R', 'N']
hubs , /hɐbz/ , ['h', '6', 'b', 'z']
hues , /çuːz/ , ['C', 'u:_R', 'z']
hybrid , /haɪbrid/ , ['h', 'aj', 'b', 'r', 'i_R', 'd']
iconic , /aɪkɔɲɪk/ , ['aj', 'k', 'O', 'J', 'I_R', 'k']
identity , /aɪdɛɲɪtʲi/ , ['aj', 'd', 'E_F', 'J', 'I_R', 'tj', 'i_R']
illuminate , /ɪʎumʲɪɲeit/ , ['I_R', 'L', 'u', 'mj', 'I_R', 'J', 'ej', 't']
imagined , /imad̠ʒind/ , ['i_R', 'm_R', 'a_F', 'dZ', 'i_R', 'n_R', 'd']
immersive , /ɪməsɪv/ , ['I_R', 'm_R', '@', 's', 'I_R', 'v']
impact , /ɪmpakʈ/ , ['I_R', 'm_R', 'p', 'a_F', 'k', 't`']
importance , /ɪmpɔːʈəns/ , ['I_R', 'm_R', 'p', 'O:', 't`', '@', 'n_R', 's']
important , /ɪmpɔːʈənʈ/ , ['I_R', 'm_R', 'p', 'O:', 't`', '@', 'n_R', 't`']
impossible , /ɪmpɔsəbəl/ , ['I_R', 'm_R', 'p', 'O', 's', '@', 'b', '@', 'l']
impressed , /imprɛst/ , ['i_R', 'm_R', 'p', 'r', 'E_F', 's', 't']
impression , /imprɛʃɔn/ , ['i_R', 'm_R', 'p', 'r', 'E_F', 'S', 'O_R', 'n_R']
included , /ɪɲcʎuːdʲɪd/ , ['I_R', 'J', 'c', 'L', 'u:', 'dj', 'I_R', 'd']
inclusive , /ɪɲcʎuːsɪv/ , ['I_R', 'J', 'c', 'L', 'u:', 's', 'I_R', 'v']
incorporate , /ɪŋkɔːpərəʈ/ , ['I_R', 'N', 'k', 'O:', 'p', '@', 'r', '@', 't`']
increasing , /ɪɲcriːsɪŋ/ , ['I_R', 'J', 'c', 'r', 'i:_R', 's', 'I_R', 'N']
increasingly , /iɲcriːsiɲɟʎi/ , ['i_R', 'J', 'c', 'r', 'i:_R', 's', 'i_R', 'J', 'gj', 'L', 'i_R']
incredible , /ɪɲcrɛdʲɪbəɫ/ , ['I_R', 'J', 'c', 'r', 'E_F', 'dj', 'I_R', 'b', '@', '5_R']
induction , /ɪndɐcʃən/ , ['I_R', 'n_R', 'd', '6', 'c', 'S', '@', 'n_R']
industrial , /ɪndɐstʲrɪəɫ/ , ['I_R', 'n_R', 'd', '6', 's', 'tj', 'r', 'I_R', '@', '5_R']
industry , /ɪndɐstʲri/ , ['I_R', 'n_R', 'd', '6', 's', 'tj', 'r', 'i_R']
inequalities , /ɪnɛkʷɑʎɪtʲiz/ , ['I_R', 'n_R', 'E_F', 'kw', 'A', 'L', 'I_R', 'tj', 'i_R', 'z']
information , /infɔmeʃɔn/ , ['i_R', 'n_R', 'f', 'O_R', 'm_R', 'e_R', 'S', 'O_R', 'n_R']
infrastructure , /infrastrɔkt̠ʃa/ , ['i_R', 'n_R', 'f', 'r', 'a_F', 's', 't', 'r', 'O_R', 'k', 'tS', 'a_F']
initiatives , /iɲiʃatʲivz/ , ['i_R', 'J', 'i_R', 'S', 'a_F', 'tj', 'i_R', 'v', 'z']
injection , /ind̠ʒɛcʃɔn/ , ['i_R', 'n_R', 'dZ', 'E_F', 'c', 'S', 'O_R', 'n_R']
innovation , /inɔveʃɔn/ , ['i_R', 'n_R', 'O_R', 'v', 'e_R', 'S', 'O_R', 'n_R']
inspiration , /ɪnspəreiʃən/ , ['I_R', 'n_R', 's', 'p', '@', 'r', 'ej', 'S', '@', 'n_R']
installations , /instɔleʃɔnz/ , ['i_R', 'n_R', 's', 't', 'O_R', 'l', 'e_R', 'S', 'O_R', 'n_R', 'z']
insurance , /ɪnʃɔːrəns/ , ['I_R', 'n_R', 'S', 'O:', 'r', '@', 'n_R', 's']
integrity , /ɪnʈɛɡrɪtʲi/ , ['I_R', 'n_R', 't`', 'E_F', 'g', 'r', 'I_R', 'tj', 'i_R']
interact , /ɪnərækt/ , ['I_R', 'n_R', '@', 'r', '{', 'k', 't']
interest , /ɪnərɛst/ , ['I_R', 'n_R', '@', 'r', 'E_F', 's', 't']
interested , /ɪnərɛstʲɪd/ , ['I_R', 'n_R', '@', 'r', 'E_F', 's', 'tj', 'I_R', 'd']
interesting , /ɪnəəstʲɪŋ/ , ['I_R', 'n_R', '@', '@', 's', 'tj', 'I_R', 'N']
internal , /ɪnʈənəl/ , ['I_R', 'n_R', 't`', '@', 'n_R', '@', 'l']
international , /ɪnəɲæʃənəɫ/ , ['I_R', 'n_R', '@', 'J', '{', 'S', '@', 'n_R', '@', '5_R']
intersect , /ɪnəsɛkt/ , ['I_R', 'n_R', '@', 's', 'E_F', 'k', 't']
introduced , /intrɔdʲuːst/ , ['i_R', 'n_R', 't', 'r', 'O_R', 'dj', 'u:_R', 's', 't']
investment , /ɪnvɛsmənt/ , ['I_R', 'n_R', 'v', 'E_F', 's', 'm_R', '@', 'n_R', 't']
invitation , /ɪnʋɪʈeːʃən/ , ['I_R', 'n_R', 'v\\', 'I_R', 't`', 'e:_R', 'S', '@', 'n_R']
involvement , /ɪnvɑɫvmənt/ , ['I_R', 'n_R', 'v', 'A', '5_R', 'v', 'm_R', '@', 'n_R', 't']
issues , /ɪsjuːz/ , ['I_R', 's', 'j_R', 'u:', 'z']
jackets , /d̠ʒacits/ , ['dZ', 'a_F', 'c', 'i_R', 't', 's']
january , /d̠ʒaɲʊri/ , ['dZ', 'a_F', 'J', 'U_R', 'r', 'i_R']
japan , /d̠ʒapʰan/ , ['dZ', 'a_F', 'ph', 'a_F', 'n_R']
journey , /d̠ʒɔɲi/ , ['dZ', 'O_R', 'J', 'i_R']
joyfully , /d̠ʒoɪfəʎi/ , ['dZ', 'oj', 'f', '@', 'L', 'i_R']
kayaking , /ceːcɪŋ/ , ['c', 'e:_R', 'c', 'I_R', 'N']
know , /nou/ , ['n_R', 'ow']
knowledge , /nɑʎɪd̠ʒ/ , ['n_R', 'A', 'L', 'I_R', 'dZ']
korea , /kəriːə/ , ['k', '@', 'r', 'i:_R', '@']
labels , /lebɛɫz/ , ['l', 'e_R', 'b', 'E_F', '5_R', 'z']
landmarks , /landmaks/ , ['l', 'a_F', 'n_R', 'd', 'm_R', 'a_F', 'k', 's']
landscapes , /landsceps/ , ['l', 'a_F', 'n_R', 'd', 's', 'c', 'e_R', 'p', 's']
language , /laɲɲid̠ʒ/ , ['l', 'a_F', 'J', 'J', 'i_R', 'dZ']
languages , /laɲɲid̠ʒɛz/ , ['l', 'a_F', 'J', 'J', 'i_R', 'dZ', 'E_F', 'z']
lasagna , /lasaɲa/ , ['l', 'a_F', 's', 'a_F', 'J', 'a_F']
latitude , /latʲɪʈuːɖ/ , ['l', 'a_F', 'tj', 'I_R', 't`', 'u:', 'd`']
latitudes , /latʲɪʈuːɖz/ , ['l', 'a_F', 'tj', 'I_R', 't`', 'u:', 'd`', 'z']
leadership , /ʎiːdaʃip/ , ['L', 'i:_R', 'd', 'a_F', 'S', 'i_R', 'p']
leaves , /ʎiːvz/ , ['L', 'i:_R', 'v', 'z']
lemonade , /lɛmɔned/ , ['l', 'E_F', 'm_R', 'O_R', 'n_R', 'e_R', 'd']
library , /laɪbrari/ , ['l', 'aj', 'b', 'r', 'a_F', 'r', 'i_R']
life , /laɪf/ , ['l', 'aj', 'f']
lights , /laɪts/ , ['l', 'aj', 't', 's']
limits , /ʎimʲits/ , ['L', 'i_R', 'mj', 'i_R', 't', 's']
lively , /laɪvʎi/ , ['l', 'aj', 'v', 'L', 'i_R']
localized , /loukəlaɪzd/ , ['l', 'ow', 'k', '@', 'l', 'aj', 'z', 'd']
located , /lɔcetɛd/ , ['l', 'O_R', 'c', 'e_R', 't', 'E_F', 'd']
location , /louceiʃən/ , ['l', 'ow', 'c', 'ej', 'S', '@', 'n_R']
london , /lɐndən/ , ['l', '6', 'n_R', 'd', '@', 'n_R']
luminous , /luːmʲɪnəs/ , ['l', 'u:', 'mj', 'I_R', 'n_R', '@', 's']
luxury , /lɐcʃəri/ , ['l', '6', 'c', 'S', '@', 'r', 'i_R']
magical , /mad̠ʒikaɫ/ , ['m_R', 'a_F', 'dZ', 'i_R', 'k', 'a_F', '5_R']
maintain , /mantʰen/ , ['m_R', 'a_F', 'n_R', 'th', 'e_R', 'n_R']
maintaining , /mantʰeɲiŋɡ/ , ['m_R', 'a_F', 'n_R', 'th', 'e_R', 'J', 'i_R', 'N', 'g']
malware , /mɔːlʋɛː/ , ['m_R', 'O:', 'l', 'v\\', 'E:']
management , /manad̠ʒmɛnt/ , ['m_R', 'a_F', 'n_R', 'a_F', 'dZ', 'm_R', 'E_F', 'n_R', 't']
manager , /maɲid̠ʒa/ , ['m_R', 'a_F', 'J', 'i_R', 'dZ', 'a_F']
managing , /manad̠ʒiŋɡ/ , ['m_R', 'a_F', 'n_R', 'a_F', 'dZ', 'i_R', 'N', 'g']
manhattan , /manhatan/ , ['m_R', 'a_F', 'n_R', 'h', 'a_F', 't', 'a_F', 'n_R']
manual , /maɲuaɫ/ , ['m_R', 'a_F', 'J', 'u', 'a_F', '5_R']
manufacturing , /maɲʊfakt̠ʃərɪŋ/ , ['m_R', 'a_F', 'J', 'U_R', 'f', 'a_F', 'k', 'tS', '@', 'r', 'I_R', 'N']
marathon , /maraθun/ , ['m_R', 'a_F', 'r', 'a_F', 'T', 'u', 'n_R']
marketing , /macitʲiŋɡ/ , ['m_R', 'a_F', 'c', 'i_R', 'tj', 'i_R', 'N', 'g']
mars , /mɑrz/ , ['m_R', 'A', 'r', 'z']
massive , /masiv/ , ['m_R', 'a_F', 's', 'i_R', 'v']
maximum , /maksɪməm/ , ['m_R', 'a_F', 'k', 's', 'I_R', 'm_R', '@', 'm_R']
meaningful , /mʲiɲɪŋfʊl/ , ['mj', 'i_R', 'J', 'I_R', 'N', 'f', 'U_R', 'l']
medieval , /mɛdʲiiːvəɫ/ , ['m_R', 'E_F', 'dj', 'i_R', 'i:_R', 'v', '@', '5_R']
medium , /mʲiːdʲiəm/ , ['mj', 'i:_R', 'dj', 'i_R', '@', 'm_R']
meetings , /mʲiːtʲiŋɡz/ , ['mj', 'i:_R', 'tj', 'i_R', 'N', 'g', 'z']
mekong , /mʲiːkɔŋ/ , ['mj', 'i:_R', 'k', 'O', 'N']
memories , /mɛmɔriz/ , ['m_R', 'E_F', 'm_R', 'O_R', 'r', 'i_R', 'z']
mental , /mɛntaɫ/ , ['m_R', 'E_F', 'n_R', 't', 'a_F', '5_R']
mentor , /mɛntɔr/ , ['m_R', 'E_F', 'n_R', 't', 'O', 'r']
metaphors , /mɛtəfɔrz/ , ['m_R', 'E_F', 't', '@', 'f', 'O', 'r', 'z']
micro , /maɪkrou/ , ['m_R', 'aj', 'k', 'r', 'ow']
milan , /mʲilan/ , ['mj', 'i_R', 'l', 'a_F', 'n_R']
milestones , /maɪɫstounz/ , ['m_R', 'aj', '5_R', 's', 't', 'ow', 'n_R', 'z']
millennium , /mʲɪlɛɲɪəm/ , ['mj', 'I_R', 'l', 'E_F', 'J', 'I_R', '@', 'm_R']
minutes , /mʲiɲits/ , ['mj', 'i_R', 'J', 'i_R', 't', 's']
mixing , /mʲɪksɪŋ/ , ['mj', 'I_R', 'k', 's', 'I_R', 'N']
mobility , /moubʲɪʎɪtʲi/ , ['m_R', 'ow', 'bj', 'I_R', 'L', 'I_R', 'tj', 'i_R']
modernity , /mɔdaːɲitʲi/ , ['m_R', 'O_R', 'd', 'a:', 'J', 'i_R', 'tj', 'i_R']
modular , /mɔdʲʊlə/ , ['m_R', 'O', 'dj', 'U_R', 'l', '@']
moment , /moumɛnt/ , ['m_R', 'ow', 'm_R', 'E_F', 'n_R', 't']
momentum , /moumɛntəm/ , ['m_R', 'ow', 'm_R', 'E_F', 'n_R', 't', '@', 'm_R']
morale , /mɔraɫ/ , ['m_R', 'O_R', 'r', 'a_F', '5_R']
most , /moust/ , ['m_R', 'ow', 's', 't']
motivated , /moutʲɪveitʲɪd/ , ['m_R', 'ow', 'tj', 'I_R', 'v', 'ej', 'tj', 'I_R', 'd']
motivation , /moutʲɪveiʃən/ , ['m_R', 'ow', 'tj', 'I_R', 'v', 'ej', 'S', '@', 'n_R']
motivations , /moutʲɪveiʃənz/ , ['m_R', 'ow', 'tj', 'I_R', 'v', 'ej', 'S', '@', 'n_R', 'z']
movement , /muːvmənt/ , ['m_R', 'u:', 'v', 'm_R', '@', 'n_R', 't']
movie , /muːʋi/ , ['m_R', 'u:', 'v\\', 'i_R']
multi , /mɐɫtʲi/ , ['m_R', '6', '5_R', 'tj', 'i_R']
music , /mʲuzɪk/ , ['mj', 'u', 'z', 'I_R', 'k']
mysteries , /mʲɪstəriz/ , ['mj', 'I_R', 's', 't', '@', 'r', 'i_R', 'z']
nature , /net̠ʃa/ , ['n_R', 'e_R', 'tS', 'a_F']
navigated , /naʋɪɡeːtʲɪɖ/ , ['n_R', 'a_F', 'v\\', 'I_R', 'g', 'e:_R', 'tj', 'I_R', 'd`']
needs , /ɲiːdz/ , ['J', 'i:_R', 'd', 'z']
neighborhood , /nebɔhʊd/ , ['n_R', 'e_R', 'b', 'O_R', 'h', 'U_R', 'd']
network , /nɛʈʋək/ , ['n_R', 'E_F', 't`', 'v\\', '@', 'k']
nomads , /noumadz/ , ['n_R', 'ow', 'm_R', 'a_F', 'd', 'z']
northern , /nɔrðən/ , ['n_R', 'O', 'r', 'D', '@', 'n_R']
now , /naʊ/ , ['n_R', 'aw']
nutrient , /ɲuːtriɛnt/ , ['J', 'u:_R', 't', 'r', 'i_R', 'E_F', 'n_R', 't']
objects , /ɔbd̠ʒɛks/ , ['O', 'b', 'dZ', 'E_F', 'k', 's']
observing , /ɔbzəvɪŋ/ , ['O', 'b', 'z', '@', 'v', 'I_R', 'N']
ocean , /ouʃən/ , ['ow', 'S', '@', 'n_R']
office , /ɑfʲɪs/ , ['A', 'fj', 'I_R', 's']
oh , /ou/ , ['ow']
one , /ʋɔn/ , ['v\\', 'O', 'n_R']
opportunity , /ɑpətʲuːɲɪtʲi/ , ['A', 'p', '@', 'tj', 'u:', 'J', 'I_R', 'tj', 'i_R']
optional , /ɑpʃənəɫ/ , ['A', 'p', 'S', '@', 'n_R', '@', '5_R']
organized , /ɔrɡənaɪzd/ , ['O', 'r', 'g', '@', 'n_R', 'aj', 'z', 'd']
orientation , /ɔriɛntʰeiʃən/ , ['O', 'r', 'i_R', 'E_F', 'n_R', 'th', 'ej', 'S', '@', 'n_R']
others , /ɐðəz/ , ['6', 'D', '@', 'z']
outfits , /aʊtfʲɪts/ , ['aw', 't', 'fj', 'I_R', 't', 's']
outside , /aʊtsaɪd/ , ['aw', 't', 's', 'aj', 'd']
overcome , /ouvəkʰɐm/ , ['ow', 'v', '@', 'kh', '6', 'm_R']
oxide , /ɑksaɪd/ , ['A', 'k', 's', 'aj', 'd']
pacific , /pəsɪfʲɪk/ , ['p', '@', 's', 'I_R', 'fj', 'I_R', 'k']
painting , /peːntʲɪŋ/ , ['p', 'e:_R', 'n_R', 'tj', 'I_R', 'N']
palace , /paʎɪs/ , ['p', 'a_F', 'L', 'I_R', 's']
palaces , /paʎɪsɪz/ , ['p', 'a_F', 'L', 'I_R', 's', 'I_R', 'z']
pandemic , /panɖɛmʲɪk/ , ['p', 'a_F', 'n_R', 'd`', 'E_F', 'mj', 'I_R', 'k']
participate , /pɑːtʲɪsɪpeːʈ/ , ['p', 'A:_R', 'tj', 'I_R', 's', 'I_R', 'p', 'e:_R', 't`']
particularly , /pətʲɪcʊləʎi/ , ['p', '@', 'tj', 'I_R', 'c', 'U_R', 'l', '@', 'L', 'i_R']
parties , /pɑːtʲiz/ , ['p', 'A:_R', 'tj', 'i_R', 'z']
partnerships , /pɑːʈnəʃɪps/ , ['p', 'A:_R', 't`', 'n_R', '@', 'S', 'I_R', 'p', 's']
passions , /paʃənz/ , ['p', 'a_F', 'S', '@', 'n_R', 'z']
passwords , /pɑːsʋəɖz/ , ['p', 'A:_R', 's', 'v\\', '@', 'd`', 'z']
pasta , /pasʈə/ , ['p', 'a_F', 's', 't`', '@']
patience , /peːʃəns/ , ['p', 'e:_R', 'S', '@', 'n_R', 's']
patterns , /paʈənz/ , ['p', 'a_F', 't`', '@', 'n_R', 'z']
people , /piːpəl/ , ['p', 'i:_R', 'p', '@', 'l']
perfect , /pəfɛkʈ/ , ['p', '@', 'f', 'E_F', 'k', 't`']
performance , /pəfɔməns/ , ['p', '@', 'f', 'O', 'm_R', '@', 'n_R', 's']
performances , /pəfɔmənsɪz/ , ['p', '@', 'f', 'O', 'm_R', '@', 'n_R', 's', 'I_R', 'z']
perfume , /pəfʲuːm/ , ['p', '@', 'fj', 'u:', 'm_R']
perhaps , /pəhaps/ , ['p', '@', 'h', 'a_F', 'p', 's']
persistence , /pəsɪsʈəns/ , ['p', '@', 's', 'I_R', 's', 't`', '@', 'n_R', 's']
personalization , /pəsənəlaɪzeːʃən/ , ['p', '@', 's', '@', 'n_R', '@', 'l', 'aj', 'z', 'e:_R', 'S', '@', 'n_R']
personally , /pəsnəʎi/ , ['p', '@', 's', 'n_R', '@', 'L', 'i_R']
phenomena , /fʲɪnɑmənə/ , ['fj', 'I_R', 'n_R', 'A', 'm_R', '@', 'n_R', '@']
photographed , /fɔtəɡrɑft/ , ['f', 'O', 't', '@', 'g', 'r', 'A', 'f', 't']
photographer , /fɔtʰɔɡrafa/ , ['f', 'O_R', 'th', 'O_R', 'g', 'r', 'a_F', 'f', 'a_F']
photographers , /fəʈɔɡrəfəɾz/ , ['f', '@', 't`', 'O', 'g', 'r', '@', 'f', '@', '4', 'z']
photography , /fɔtʰɔɡrafʲi/ , ['f', 'O_R', 'th', 'O_R', 'g', 'r', 'a_F', 'fj', 'i_R']
photos , /foutouz/ , ['f', 'ow', 't', 'ow', 'z']
physical , /fʲizikaɫ/ , ['fj', 'i_R', 'z', 'i_R', 'k', 'a_F', '5_R']
picasso , /pɪkəsuː/ , ['p', 'I_R', 'k', '@', 's', 'u:']
picnics , /pɪcɲɪks/ , ['p', 'I_R', 'c', 'J', 'I_R', 'k', 's']
pictures , /pɪkt̠ʃəz/ , ['p', 'I_R', 'k', 'tS', '@', 'z']
pilot , /paɪləʈ/ , ['p', 'aj', 'l', '@', 't`']
pipeline , /paɪplaɪn/ , ['p', 'aj', 'p', 'l', 'aj', 'n_R']
place , /ples/ , ['p', 'l', 'e_R', 's']
plan , /plan/ , ['p', 'l', 'a_F', 'n_R']
planning , /plaɲɪŋ/ , ['p', 'l', 'a_F', 'J', 'I_R', 'N']
plastic , /plastʲik/ , ['p', 'l', 'a_F', 's', 'tj', 'i_R', 'k']
point , /poɪnʈ/ , ['p', 'oj', 'n_R', 't`']
policies , /pəʎiːsiz/ , ['p', '@', 'L', 'i:_R', 's', 'i_R', 'z']
pompeii , /pɔmpeːi/ , ['p', 'O', 'm_R', 'p', 'e:_R', 'i_R']
popular , /pɔpʲʊlə/ , ['p', 'O', 'pj', 'U_R', 'l', '@']
popularity , /pɔpʲʊlarɪtʲi/ , ['p', 'O', 'pj', 'U_R', 'l', 'a_F', 'r', 'I_R', 'tj', 'i_R']
populations , /pɔpʲʊleːʃənz/ , ['p', 'O', 'pj', 'U_R', 'l', 'e:_R', 'S', '@', 'n_R', 'z']
portfolio , /pɔːʈfoːʎioː/ , ['p', 'O:', 't`', 'f', 'o:_R', 'L', 'i_R', 'o:_R']
positive , /pɔzɪtʲɪʋ/ , ['p', 'O', 'z', 'I_R', 'tj', 'I_R', 'v\\']
possible , /pɔsɪbəl/ , ['p', 'O', 's', 'I_R', 'b', '@', 'l']
posted , /poːstʲɪɖ/ , ['p', 'o:_R', 's', 'tj', 'I_R', 'd`']
potential , /pəʈɛnʃəl/ , ['p', '@', 't`', 'E_F', 'n_R', 'S', '@', 'l']
powerful , /paʊəfəl/ , ['p', 'aw', '@', 'f', '@', 'l']
practices , /praktʲisɛz/ , ['p', 'r', 'a_F', 'k', 'tj', 'i_R', 's', 'E_F', 'z']
preparing , /prɪpɛːrɪŋ/ , ['p', 'r', 'I_R', 'p', 'E:', 'r', 'I_R', 'N']
preservation , /prɛzəʋeːʃən/ , ['p', 'r', 'E_F', 'z', '@', 'v\\', 'e:_R', 'S', '@', 'n_R']
preserve , /prazaːv/ , ['p', 'r', 'a_F', 'z', 'a:', 'v']
president , /prɛzdənt/ , ['p', 'r', 'E_F', 'z', 'd', '@', 'n_R', 't']
priceless , /praɪsləs/ , ['p', 'r', 'aj', 's', 'l', '@', 's']
priorities , /praɪɔrɪtʲiz/ , ['p', 'r', 'aj', 'O', 'r', 'I_R', 'tj', 'i_R', 'z']
priority , /praɪɔrətʲi/ , ['p', 'r', 'aj', 'O', 'r', '@', 'tj', 'i_R']
prism , /prizam/ , ['p', 'r', 'i_R', 'z', 'a_F', 'm_R']
prisms , /prɪzəmz/ , ['p', 'r', 'I_R', 'z', '@', 'm_R', 'z']
process , /prɑsɛs/ , ['p', 'r', 'A', 's', 'E_F', 's']
produces , /prɔdʲuːsɛz/ , ['p', 'r', 'O_R', 'dj', 'u:_R', 's', 'E_F', 'z']
product , /prɑdɐkt/ , ['p', 'r', 'A', 'd', '6', 'k', 't']
productive , /prɔdɔktʲiv/ , ['p', 'r', 'O_R', 'd', 'O_R', 'k', 'tj', 'i_R', 'v']
productivity , /prɔdɐktʲɪvɪtʲi/ , ['p', 'r', 'O', 'd', '6', 'k', 'tj', 'I_R', 'v', 'I_R', 'tj', 'i_R']
profession , /prɔfɛʃɔn/ , ['p', 'r', 'O_R', 'f', 'E_F', 'S', 'O_R', 'n_R']
professional , /prɔfɛʃɔnaɫ/ , ['p', 'r', 'O_R', 'f', 'E_F', 'S', 'O_R', 'n_R', 'a_F', '5_R']
program , /prouɡram/ , ['p', 'r', 'ow', 'g', 'r', 'a_F', 'm_R']
programs , /prouɡramz/ , ['p', 'r', 'ow', 'g', 'r', 'a_F', 'm_R', 'z']
progress , /prɔɟrɛs/ , ['p', 'r', 'O', 'gj', 'r', 'E_F', 's']
project , /prɑd̠ʒɛkt/ , ['p', 'r', 'A', 'dZ', 'E_F', 'k', 't']
projects , /prɑd̠ʒɛks/ , ['p', 'r', 'A', 'dZ', 'E_F', 'k', 's']
promotes , /prɔmots/ , ['p', 'r', 'O_R', 'm_R', 'o', 't', 's']
prospects , /prɑspɛks/ , ['p', 'r', 'A', 's', 'p', 'E_F', 'k', 's']
protect , /prɔtʰɛkt/ , ['p', 'r', 'O_R', 'th', 'E_F', 'k', 't']
protecting , /prɔtʰɛktʲiŋɡ/ , ['p', 'r', 'O_R', 'th', 'E_F', 'k', 'tj', 'i_R', 'N', 'g']
provided , /prɔvaɪdɛd/ , ['p', 'r', 'O_R', 'v', 'aj', 'd', 'E_F', 'd']
public , /pəbʎɪk/ , ['p', '@', 'b', 'L', 'I_R', 'k']
purchase , /pət̠ʃəs/ , ['p', '@', 'tS', '@', 's']
purpose , /pəpəs/ , ['p', '@', 'p', '@', 's']
pursuing , /pəsjuːɪŋ/ , ['p', '@', 's', 'j_R', 'u:', 'I_R', 'N']
pyramids , /pɪrəmʲɪɖz/ , ['p', 'I_R', 'r', '@', 'mj', 'I_R', 'd`', 'z']
quality , /kʷaʎitʲi/ , ['kw', 'a_F', 'L', 'i_R', 'tj', 'i_R']
quarantine , /kʷɔrənʈaɪn/ , ['kw', 'O', 'r', '@', 'n_R', 't`', 'aj', 'n_R']
radiance , /redʲians/ , ['r', 'e_R', 'dj', 'i_R', 'a_F', 'n_R', 's']
radiation , /redʲieʃɔn/ , ['r', 'e_R', 'dj', 'i_R', 'e_R', 'S', 'O_R', 'n_R']
rapidly , /rapɪdʲʎi/ , ['r', 'a_F', 'p', 'I_R', 'dj', 'L', 'i_R']
reality , /rialɪtʲi/ , ['r', 'i_R', 'a_F', 'l', 'I_R', 'tj', 'i_R']
rebuilding , /ribʲɪɫdʲɪŋ/ , ['r', 'i_R', 'bj', 'I_R', '5_R', 'dj', 'I_R', 'N']
receiving , /rɪsiːvɪŋ/ , ['r', 'I_R', 's', 'i:_R', 'v', 'I_R', 'N']
recommend , /rɛkɔmɛnd/ , ['r', 'E_F', 'k', 'O_R', 'm_R', 'E_F', 'n_R', 'd']
recommended , /rɛkɔmɛndɛd/ , ['r', 'E_F', 'k', 'O_R', 'm_R', 'E_F', 'n_R', 'd', 'E_F', 'd']
recovery , /rɪkəʋəri/ , ['r', 'I_R', 'k', '@', 'v\\', '@', 'r', 'i_R']
redefined , /riːdʲiːfaɪnd/ , ['r', 'i:_R', 'dj', 'i:_R', 'f', 'aj', 'n_R', 'd']
reduce , /ridʲuːs/ , ['r', 'i_R', 'dj', 'u:_R', 's']
reference , /rɛfərəns/ , ['r', 'E_F', 'f', '@', 'r', '@', 'n_R', 's']
references , /rɛfərənsɪz/ , ['r', 'E_F', 'f', '@', 'r', '@', 'n_R', 's', 'I_R', 'z']
referencing , /rɛfərənsɪŋ/ , ['r', 'E_F', 'f', '@', 'r', '@', 'n_R', 's', 'I_R', 'N']
reflected , /riflɛktɛd/ , ['r', 'i_R', 'f', 'l', 'E_F', 'k', 't', 'E_F', 'd']
reflection , /riflɛcʃɔn/ , ['r', 'i_R', 'f', 'l', 'E_F', 'c', 'S', 'O_R', 'n_R']
reforms , /rɪfɔrmz/ , ['r', 'I_R', 'f', 'O', 'r', 'm_R', 'z']
refreshing , /rəfrɛʃɪŋ/ , ['r', '@', 'f', 'r', 'E_F', 'S', 'I_R', 'N']
regarding , /riɡadʲiŋɡ/ , ['r', 'i_R', 'g', 'a_F', 'dj', 'i_R', 'N', 'g']
regeneration , /rid̠ʒɛnəreiʃən/ , ['r', 'i_R', 'dZ', 'E_F', 'n_R', '@', 'r', 'ej', 'S', '@', 'n_R']
region , /riːd̠ʒɔn/ , ['r', 'i:_R', 'dZ', 'O_R', 'n_R']
regions , /riːd̠ʒɔnz/ , ['r', 'i:_R', 'dZ', 'O_R', 'n_R', 'z']
registered , /rɛd̠ʒistad/ , ['r', 'E_F', 'dZ', 'i_R', 's', 't', 'a_F', 'd']
regular , /rɛɟələ/ , ['r', 'E_F', 'gj', '@', 'l', '@']
relevant , /rɛləvənt/ , ['r', 'E_F', 'l', '@', 'v', '@', 'n_R', 't']
reliable , /rilaɪabʊɫ/ , ['r', 'i_R', 'l', 'aj', 'a_F', 'b', 'U_R', '5_R']
repetitive , /rɪpɛtʲɪtʲɪʋ/ , ['r', 'I_R', 'p', 'E_F', 'tj', 'I_R', 'tj', 'I_R', 'v\\']
replaced , /riplest/ , ['r', 'i_R', 'p', 'l', 'e_R', 's', 't']
representative , /rɛprizɛntatʲiv/ , ['r', 'E_F', 'p', 'r', 'i_R', 'z', 'E_F', 'n_R', 't', 'a_F', 'tj', 'i_R', 'v']
required , /rikʷaɪad/ , ['r', 'i_R', 'kw', 'aj', 'a_F', 'd']
requires , /rɪkʷaɪəz/ , ['r', 'I_R', 'kw', 'aj', '@', 'z']
research , /risaːt̠ʃ/ , ['r', 'i_R', 's', 'a:', 'tS']
resilience , /rəzɪʎɪəns/ , ['r', '@', 'z', 'I_R', 'L', 'I_R', '@', 'n_R', 's']
response , /rɪspɑns/ , ['r', 'I_R', 's', 'p', 'A', 'n_R', 's']
restaurant , /rɛstərɑnt/ , ['r', 'E_F', 's', 't', '@', 'r', 'A', 'n_R', 't']
restoring , /rɛstɔriŋɡ/ , ['r', 'E_F', 's', 't', 'O_R', 'r', 'i_R', 'N', 'g']
return , /rɪʈən/ , ['r', 'I_R', 't`', '@', 'n_R']
reviving , /rɪvaɪvʲɪŋ/ , ['r', 'I_R', 'v', 'aj', 'vj', 'I_R', 'N']
revolution , /rɛvɔluːʃɔn/ , ['r', 'E_F', 'v', 'O_R', 'l', 'u:_R', 'S', 'O_R', 'n_R']
revolutions , /rɛvɔluːʃɔnz/ , ['r', 'E_F', 'v', 'O_R', 'l', 'u:_R', 'S', 'O_R', 'n_R', 'z']
risotto , /rɪzɔʈoː/ , ['r', 'I_R', 'z', 'O', 't`', 'o:_R']
routine , /ruːʈiːn/ , ['r', 'u:', 't`', 'i:_R', 'n_R']
safeguard , /sefɡaːd/ , ['s', 'e_R', 'f', 'g', 'a:', 'd']
safely , /sefʎi/ , ['s', 'e_R', 'f', 'L', 'i_R']
safety , /seftʰi/ , ['s', 'e_R', 'f', 'th', 'i_R']
sahara , /sahara/ , ['s', 'a_F', 'h', 'a_F', 'r', 'a_F']
sam , /sam/ , ['s', 'a_F', 'm_R']
sandwiches , /sandwɪt̠ʃɪz/ , ['s', 'a_F', 'n_R', 'd', 'w', 'I_R', 'tS', 'I_R', 'z']
satisfaction , /satʲisfacʃɔn/ , ['s', 'a_F', 'tj', 'i_R', 's', 'f', 'a_F', 'c', 'S', 'O_R', 'n_R']
scandal , /skandaɫ/ , ['s', 'k', 'a_F', 'n_R', 'd', 'a_F', '5_R']
scandals , /skandəɫz/ , ['s', 'k', 'a_F', 'n_R', 'd', '@', '5_R', 'z']
scenario , /sinario/ , ['s', 'i_R', 'n_R', 'a_F', 'r', 'i_R', 'o']
scenery , /siːnəri/ , ['s', 'i:_R', 'n_R', '@', 'r', 'i_R']
scheduled , /scɛd̠ʒuəɫd/ , ['s', 'c', 'E_F', 'dZ', 'u', '@', '5_R', 'd']
schedules , /scɛdʲuːɫz/ , ['s', 'c', 'E_F', 'dj', 'u:_R', '5_R', 'z']
scientists , /saɪəntʲɪsts/ , ['s', 'aj', '@', 'n_R', 'tj', 'I_R', 's', 't', 's']
season , /siːzən/ , ['s', 'i:_R', 'z', '@', 'n_R']
sector , /sɛktɔ/ , ['s', 'E_F', 'k', 't', 'O_R']
sectors , /sɛktɔz/ , ['s', 'E_F', 'k', 't', 'O_R', 'z']
security , /səcʊrɪtʲi/ , ['s', '@', 'c', 'U_R', 'r', 'I_R', 'tj', 'i_R']
see , /siː/ , ['s', 'i:_R']
seniors , /siɲəz/ , ['s', 'i_R', 'J', '@', 'z']
sensitivity , /sɛnsatʲivʲiti/ , ['s', 'E_F', 'n_R', 's', 'a_F', 'tj', 'i_R', 'vj', 'i_R', 't', 'i_R']
sensory , /sɛnsɔri/ , ['s', 'E_F', 'n_R', 's', 'O_R', 'r', 'i_R']
seoul , /souɫ/ , ['s', 'ow', '5_R']
sequence , /siːkʷəns/ , ['s', 'i:_R', 'kw', '@', 'n_R', 's']
sequences , /sɪcɛnsɪz/ , ['s', 'I_R', 'c', 'E_F', 'n_R', 's', 'I_R', 'z']
shaping , /ʃepʲiŋɡ/ , ['S', 'e_R', 'pj', 'i_R', 'N', 'g']
shifted , /ʃiftɛd/ , ['S', 'i_R', 'f', 't', 'E_F', 'd']
short , /ʃɔrt/ , ['S', 'O', 'r', 't']
shortly , /ʃɔrtʎi/ , ['S', 'O', 'r', 't', 'L', 'i_R']
shoulders , /ʃouɫdəz/ , ['S', 'ow', '5_R', 'd', '@', 'z']
showcase , /ʃouceis/ , ['S', 'ow', 'c', 'ej', 's']
showcasing , /ʃouceisɪŋ/ , ['S', 'ow', 'c', 'ej', 's', 'I_R', 'N']
shrine , /ʃraɪn/ , ['S', 'r', 'aj', 'n_R']
siblings , /sibʎiŋɡz/ , ['s', 'i_R', 'b', 'L', 'i_R', 'N', 'g', 'z']
sightseeing , /saɪtsiːɪŋ/ , ['s', 'aj', 't', 's', 'i:_R', 'I_R', 'N']
significantly , /siɟɲifʲikantʎi/ , ['s', 'i_R', 'gj', 'J', 'i_R', 'fj', 'i_R', 'k', 'a_F', 'n_R', 't', 'L', 'i_R']
silence , /saɪləns/ , ['s', 'aj', 'l', '@', 'n_R', 's']
simplest , /simpalɛst/ , ['s', 'i_R', 'm_R', 'p', 'a_F', 'l', 'E_F', 's', 't']
simulate , /sɪmʊleit/ , ['s', 'I_R', 'm_R', 'U_R', 'l', 'ej', 't']
simulation , /sɪməleiʃən/ , ['s', 'I_R', 'm_R', '@', 'l', 'ej', 'S', '@', 'n_R']
simulations , /sɪmʊleiʃənz/ , ['s', 'I_R', 'm_R', 'U_R', 'l', 'ej', 'S', '@', 'n_R', 'z']
sirens , /saɪərənz/ , ['s', 'aj', '@', 'r', '@', 'n_R', 'z']
sites , /saɪts/ , ['s', 'aj', 't', 's']
situation , /sɪʈuːeːʃən/ , ['s', 'I_R', 't`', 'u:', 'e:_R', 'S', '@', 'n_R']
skyline , /scaɪlaɪn/ , ['s', 'c', 'aj', 'l', 'aj', 'n_R']
societies , /sɔsaɪitʲiz/ , ['s', 'O_R', 's', 'aj', 'i_R', 'tj', 'i_R', 'z']
software , /sɔfʈʋɛː/ , ['s', 'O', 'f', 't`', 'v\\', 'E:']
solitude , /sɔʎɪʈuːɖ/ , ['s', 'O', 'L', 'I_R', 't`', 'u:', 'd`']
solutions , /sɔluːʃɔnz/ , ['s', 'O_R', 'l', 'u:_R', 'S', 'O_R', 'n_R', 'z']
someday , /sɐmdei/ , ['s', '6', 'm_R', 'd', 'ej']
soon , /suːn/ , ['s', 'u:_R', 'n_R']
soul , /souɫ/ , ['s', 'ow', '5_R']
souvenirs , /suːvənaɪərəz/ , ['s', 'u:', 'v', '@', 'n_R', 'aj', '@', 'r', '@', 'z']
spaces , /spesɛz/ , ['s', 'p', 'e_R', 's', 'E_F', 'z']
special , /spɛʃaɫ/ , ['s', 'p', 'E_F', 'S', 'a_F', '5_R']
specific , /spəsɪfʲɪk/ , ['s', 'p', '@', 's', 'I_R', 'fj', 'I_R', 'k']
spectrum , /spɛktəm/ , ['s', 'p', 'E_F', 'k', 't', '@', 'm_R']
splendid , /splɛndɛd/ , ['s', 'p', 'l', 'E_F', 'n_R', 'd', 'E_F', 'd']
spontaneous , /spɔnʈeːɲiəs/ , ['s', 'p', 'O', 'n_R', 't`', 'e:_R', 'J', 'i_R', '@', 's']
spring , /sprɪŋ/ , ['s', 'p', 'r', 'I_R', 'N']
standards , /standadz/ , ['s', 't', 'a_F', 'n_R', 'd', 'a_F', 'd', 'z']
startup , /stɑrtʰɐp/ , ['s', 't', 'A', 'r', 'th', '6', 'p']
statement , /stetmɛnt/ , ['s', 't', 'e_R', 't', 'm_R', 'E_F', 'n_R', 't']
states , /stets/ , ['s', 't', 'e_R', 't', 's']
station , /steʃɔn/ , ['s', 't', 'e_R', 'S', 'O_R', 'n_R']
stationary , /steʃɔnari/ , ['s', 't', 'e_R', 'S', 'O_R', 'n_R', 'a_F', 'r', 'i_R']
steadily , /stɛdʲiʎi/ , ['s', 't', 'E_F', 'dj', 'i_R', 'L', 'i_R']
stewardship , /sʈuːəɖʃɪp/ , ['s', 't`', 'u:', '@', 'd`', 'S', 'I_R', 'p']
stories , /stɔːriz/ , ['s', 't', 'O:', 'r', 'i_R', 'z']
storm , /stɔrm/ , ['s', 't', 'O', 'r', 'm_R']
story , /stɔːri/ , ['s', 't', 'O:', 'r', 'i_R']
storytelling , /sʈɔrɪʈɛʎɪŋ/ , ['s', 't`', 'O', 'r', 'I_R', 't`', 'E_F', 'L', 'I_R', 'N']
strategies , /stratəd̠ʒiz/ , ['s', 't', 'r', 'a_F', 't', '@', 'dZ', 'i_R', 'z']
streaming , /sʈriːmʲɪŋ/ , ['s', 't`', 'r', 'i:_R', 'mj', 'I_R', 'N']
streamlined , /sʈriːmlaɪnɖ/ , ['s', 't`', 'r', 'i:_R', 'm_R', 'l', 'aj', 'n_R', 'd`']
streets , /striːts/ , ['s', 't', 'r', 'i:_R', 't', 's']
strengthens , /strɛŋθənz/ , ['s', 't', 'r', 'E_F', 'N', 'T', '@', 'n_R', 'z']
structured , /strɐkt̠ʃəd/ , ['s', 't', 'r', '6', 'k', 'tS', '@', 'd']
students , /stʲuːdənts/ , ['s', 'tj', 'u:', 'd', '@', 'n_R', 't', 's']
studio , /sʈuːɖioː/ , ['s', 't`', 'u:', 'd`', 'i_R', 'o:_R']
style , /staɪɫ/ , ['s', 't', 'aj', '5_R']
stylish , /staɪʎiʃ/ , ['s', 't', 'aj', 'L', 'i_R', 'S']
subject , /sɐbd̠ʒɛkt/ , ['s', '6', 'b', 'dZ', 'E_F', 'k', 't']
subscription , /sɐbscrɪpʃən/ , ['s', '6', 'b', 's', 'c', 'r', 'I_R', 'p', 'S', '@', 'n_R']
success , /səksɛs/ , ['s', '@', 'k', 's', 'E_F', 's']
successes , /sɐksɛsɪz/ , ['s', '6', 'k', 's', 'E_F', 's', 'I_R', 'z']
successful , /səksɛsfəl/ , ['s', '@', 'k', 's', 'E_F', 's', 'f', '@', 'l']
sunglasses , /sɐɲɟʎæsɪz/ , ['s', '6', 'J', 'gj', 'L', '{', 's', 'I_R', 'z']
sunlight , /sɐnlaɪt/ , ['s', '6', 'n_R', 'l', 'aj', 't']
support , /səpɔːʈ/ , ['s', '@', 'p', 'O:', 't`']
supportive , /səpɔːtʲɪʋ/ , ['s', '@', 'p', 'O:', 'tj', 'I_R', 'v\\']
supports , /səpɔːʈs/ , ['s', '@', 'p', 'O:', 't`', 's']
sure , /ʃɔː/ , ['S', 'O:']
surprise , /səpraɪz/ , ['s', '@', 'p', 'r', 'aj', 'z']
surprisingly , /səpraɪzɪɲʎi/ , ['s', '@', 'p', 'r', 'aj', 'z', 'I_R', 'J', 'L', 'i_R']
surreal , /sɐriəɫ/ , ['s', '6', 'r', 'i_R', '@', '5_R']
suspense , /səspɛns/ , ['s', '@', 's', 'p', 'E_F', 'n_R', 's']
sustainability , /sastenabʲiʎitʲi/ , ['s', 'a_F', 's', 't', 'e_R', 'n_R', 'a_F', 'bj', 'i_R', 'L', 'i_R', 'tj', 'i_R']
sustainable , /səsʈeːnəbəl/ , ['s', '@', 's', 't`', 'e:_R', 'n_R', '@', 'b', '@', 'l']
symphony , /simfɔɲi/ , ['s', 'i_R', 'm_R', 'f', 'O_R', 'J', 'i_R']
system , /sɪstəm/ , ['s', 'I_R', 's', 't', '@', 'm_R']
systems , /sɪstəmz/ , ['s', 'I_R', 's', 't', '@', 'm_R', 'z']
table , /ʈeːbəl/ , ['t`', 'e:_R', 'b', '@', 'l']
taipei , /ʈaɪpeː/ , ['t`', 'aj', 'p', 'e:_R']
target , /ʈɑːɟɪʈ/ , ['t`', 'A:_R', 'gj', 'I_R', 't`']
teachers , /ʈiːt̠ʃəz/ , ['t`', 'i:_R', 'tS', '@', 'z']
teamwork , /ʈiːmʋək/ , ['t`', 'i:_R', 'm_R', 'v\\', '@', 'k']
technique , /ʈɛcɲiːk/ , ['t`', 'E_F', 'c', 'J', 'i:_R', 'k']
techniques , /ʈɛkniːks/ , ['t`', 'E_F', 'k', 'n_R', 'i:_R', 'k', 's']
technologies , /ʈɛknɔləd̠ʒiz/ , ['t`', 'E_F', 'k', 'n_R', 'O', 'l', '@', 'dZ', 'i_R', 'z']
technology , /ʈɛknɔləd̠ʒi/ , ['t`', 'E_F', 'k', 'n_R', 'O', 'l', '@', 'dZ', 'i_R']
teenagers , /ʈiːɲeːd̠ʒəz/ , ['t`', 'i:_R', 'J', 'e:_R', 'dZ', '@', 'z']
temples , /ʈɛmpəlz/ , ['t`', 'E_F', 'm_R', 'p', '@', 'l', 'z']
temporary , /ʈɛmpərəri/ , ['t`', 'E_F', 'm_R', 'p', '@', 'r', '@', 'r', 'i_R']
terminal , /ʈəmʲɪnəl/ , ['t`', '@', 'mj', 'I_R', 'n_R', '@', 'l']
terms , /ʈəmz/ , ['t`', '@', 'm_R', 'z']
tested , /ʈɛstʲɪɖ/ , ['t`', 'E_F', 's', 'tj', 'I_R', 'd`']
testing , /ʈɛstʲɪŋ/ , ['t`', 'E_F', 's', 'tj', 'I_R', 'N']
texture , /ʈɛksʈʊə/ , ['t`', 'E_F', 'k', 's', 't`', 'U_R', '@']
theatrical , /tiaʈrɪkəl/ , ['t', 'i_R', 'a_F', 't`', 'r', 'I_R', 'k', '@', 'l']
then , /ðən/ , ['D', '@', 'n_R']
thousands , /taʊzənɖz/ , ['t', 'aw', 'z', '@', 'n_R', 'd`', 'z']
thriving , /traɪʋɪŋ/ , ['t', 'r', 'aj', 'v\\', 'I_R', 'N']
time , /ʈaɪm/ , ['t`', 'aj', 'm_R']
timeless , /ʈaɪmləs/ , ['t`', 'aj', 'm_R', 'l', '@', 's']
tiny , /ʈaɪɲi/ , ['t`', 'aj', 'J', 'i_R']
today , /ʈəɖeː/ , ['t`', '@', 'd`', 'e:_R']
together , /ʈəɡɛdə/ , ['t`', '@', 'g', 'E_F', 'd', '@']
tokyo , /ʈoːcioː/ , ['t`', 'o:_R', 'c', 'i_R', 'o:_R']
tomorrow , /ʈəmɔroː/ , ['t`', '@', 'm_R', 'O', 'r', 'o:_R']
touchscreen , /ʈət̠ʃscriːn/ , ['t`', '@', 'tS', 's', 'c', 'r', 'i:_R', 'n_R']
tourism , /ʈɔːrɪzəm/ , ['t`', 'O:', 'r', 'I_R', 'z', '@', 'm_R']
tourist , /ʈʊrɪsʈ/ , ['t`', 'U_R', 'r', 'I_R', 's', 't`']
tourists , /ʈʊrɪsʈs/ , ['t`', 'U_R', 'r', 'I_R', 's', 't`', 's']
trade , /tred/ , ['t', 'r', 'e_R', 'd']
tradition , /tradʲiʃɔn/ , ['t', 'r', 'a_F', 'dj', 'i_R', 'S', 'O_R', 'n_R']
traditional , /tradʲiʃɔnaɫ/ , ['t', 'r', 'a_F', 'dj', 'i_R', 'S', 'O_R', 'n_R', 'a_F', '5_R']
traditions , /tradʲiʃɔnz/ , ['t', 'r', 'a_F', 'dj', 'i_R', 'S', 'O_R', 'n_R', 'z']
training , /treɲiŋɡ/ , ['t', 'r', 'e_R', 'J', 'i_R', 'N', 'g']
transactions , /tranzacʃɔnz/ , ['t', 'r', 'a_F', 'n_R', 'z', 'a_F', 'c', 'S', 'O_R', 'n_R', 'z']
transformation , /transfɔmeʃɔn/ , ['t', 'r', 'a_F', 'n_R', 's', 'f', 'O_R', 'm_R', 'e_R', 'S', 'O_R', 'n_R']
transformed , /transfɔːmd/ , ['t', 'r', 'a_F', 'n_R', 's', 'f', 'O:', 'm_R', 'd']
transforms , /transfɔːmz/ , ['t', 'r', 'a_F', 'n_R', 's', 'f', 'O:', 'm_R', 'z']
transparency , /transparənsi/ , ['t', 'r', 'a_F', 'n_R', 's', 'p', 'a_F', 'r', '@', 'n_R', 's', 'i_R']
transparent , /transparənt/ , ['t', 'r', 'a_F', 'n_R', 's', 'p', 'a_F', 'r', '@', 'n_R', 't']
transportation , /ʈranspɔːʈeːʃən/ , ['t`', 'r', 'a_F', 'n_R', 's', 'p', 'O:', 't`', 'e:_R', 'S', '@', 'n_R']
travel , /travəɫ/ , ['t', 'r', 'a_F', 'v', '@', '5_R']
travelers , /travalaz/ , ['t', 'r', 'a_F', 'v', 'a_F', 'l', 'a_F', 'z']
treatments , /tritmɛnts/ , ['t', 'r', 'i_R', 't', 'm_R', 'E_F', 'n_R', 't', 's']
trends , /trɛndz/ , ['t', 'r', 'E_F', 'n_R', 'd', 'z']
trendy , /trɛndʲi/ , ['t', 'r', 'E_F', 'n_R', 'dj', 'i_R']
trip , /trip/ , ['t', 'r', 'i_R', 'p']
triumphant , /traɪɐmfənt/ , ['t', 'r', 'aj', '6', 'm_R', 'f', '@', 'n_R', 't']
tropical , /trɔpɪkəɫ/ , ['t', 'r', 'O', 'p', 'I_R', 'k', '@', '5_R']
true , /tru/ , ['t', 'r', 'u']
tuesday , /ʈuːzɖeː/ , ['t`', 'u:', 'z', 'd`', 'e:_R']
typically , /ʈɪpɪcʎi/ , ['t`', 'I_R', 'p', 'I_R', 'c', 'L', 'i_R']
typography , /ʈaɪpɔɡrəfʲi/ , ['t`', 'aj', 'p', 'O', 'g', 'r', '@', 'fj', 'i_R']
unbearable , /ɐnbɛrəbəɫ/ , ['6', 'n_R', 'b', 'E_F', 'r', '@', 'b', '@', '5_R']
understand , /ɐndəstand/ , ['6', 'n_R', 'd', '@', 's', 't', 'a_F', 'n_R', 'd']
understanding , /ɐndəstandʲɪŋ/ , ['6', 'n_R', 'd', '@', 's', 't', 'a_F', 'n_R', 'dj', 'I_R', 'N']
unexpected , /ɐnɛkspɛktʲɪd/ , ['6', 'n_R', 'E_F', 'k', 's', 'p', 'E_F', 'k', 'tj', 'I_R', 'd']
uniquely , /juɲɪcʎi/ , ['j_R', 'u', 'J', 'I_R', 'c', 'L', 'i_R']
united , /jʊnaɪtɛd/ , ['j_R', 'U_R', 'n_R', 'aj', 't', 'E_F', 'd']
unprecedented , /ɐmprɛsɪdɛntʲɪd/ , ['6', 'm_R', 'p', 'r', 'E_F', 's', 'I_R', 'd', 'E_F', 'n_R', 'tj', 'I_R', 'd']
unreal , /ɐnriəɫ/ , ['6', 'n_R', 'r', 'i_R', '@', '5_R']
update , /ɐpdeit/ , ['6', 'p', 'd', 'ej', 't']
updated , /ɐpdeitʲɪd/ , ['6', 'p', 'd', 'ej', 'tj', 'I_R', 'd']
upgrade , /ɐpɡreid/ , ['6', 'p', 'g', 'r', 'ej', 'd']
upgraded , /ɐpɡreidʲɪd/ , ['6', 'p', 'g', 'r', 'ej', 'dj', 'I_R', 'd']
upgrading , /ɐpɡreidʲɪŋ/ , ['6', 'p', 'g', 'r', 'ej', 'dj', 'I_R', 'N']
uploaded , /ɐploudʲɪd/ , ['6', 'p', 'l', 'ow', 'dj', 'I_R', 'd']
used , /juːzd/ , ['j_R', 'u:_R', 'z', 'd']
usually , /juːʃʊaʎi/ , ['j_R', 'u:_R', 'S', 'U_R', 'a_F', 'L', 'i_R']
vacation , /vaceʃɔn/ , ['v', 'a_F', 'c', 'e_R', 'S', 'O_R', 'n_R']
valuable , /valuabʊɫ/ , ['v', 'a_F', 'l', 'u', 'a_F', 'b', 'U_R', '5_R']
value , /valuː/ , ['v', 'a_F', 'l', 'u:_R']
variety , /varaɪitʲi/ , ['v', 'a_F', 'r', 'aj', 'i_R', 'tj', 'i_R']
verification , /ʋɛrɪfʲɪceːʃən/ , ['v\\', 'E_F', 'r', 'I_R', 'fj', 'I_R', 'c', 'e:_R', 'S', '@', 'n_R']
versailles , /vəsaɪ/ , ['v', '@', 's', 'aj']
version , /vaːʃɔn/ , ['v', 'a:', 'S', 'O_R', 'n_R']
vibrant , /vaɪbrant/ , ['v', 'aj', 'b', 'r', 'a_F', 'n_R', 't']
vietnamese , /ʋiːəʈnəmʲiːz/ , ['v\\', 'i:_R', '@', 't`', 'n_R', '@', 'mj', 'i:_R', 'z']
visited , /vɪzɪtʲɪd/ , ['v', 'I_R', 'z', 'I_R', 'tj', 'I_R', 'd']
visiting , /vɪzɪtʲɪŋ/ , ['v', 'I_R', 'z', 'I_R', 'tj', 'I_R', 'N']
visitors , /vɪzɪtəz/ , ['v', 'I_R', 'z', 'I_R', 't', '@', 'z']
volume , /vɑʎum/ , ['v', 'A', 'L', 'u', 'm_R']
wardrobe , /ʋɔːɖroːb/ , ['v\\', 'O:', 'd`', 'r', 'o:_R', 'b']
wardrobes , /wɔrdroubz/ , ['w', 'O', 'r', 'd', 'r', 'ow', 'b', 'z']
well , /ʋɛl/ , ['v\\', 'E_F', 'l']
wellness , /ʋɛlɲɪs/ , ['v\\', 'E_F', 'l', 'J', 'I_R', 's']
work , /ʋək/ , ['v\\', '@', 'k']
workflow , /ʋəkfloː/ , ['v\\', '@', 'k', 'f', 'l', 'o:_R']
workplace , /ʋəkpleːs/ , ['v\\', '@', 'k', 'p', 'l', 'e:_R', 's']
workshop , /ʋəcʃɔp/ , ['v\\', '@', 'c', 'S', 'O', 'p']
workshops , /ʋəkʃɔps/ , ['v\\', '@', 'k', 'S', 'O', 'p', 's']
worldwide , /ʋəlɖʋaɪɖ/ , ['v\\', '@', 'l', 'd`', 'v\\', 'aj', 'd`']
writers , /raɪtaz/ , ['r', 'aj', 't', 'a_F', 'z']
yeah , /jaə/ , ['j_R', 'a_F', '@']
year , /jia/ , ['j_R', 'i_R', 'a_F']
years , /jaːz/ , ['j_R', 'a:', 'z']
yes , /jɛs/ , ['j_R', 'E_F', 's']
york , /jɔrk/ , ['j_R', 'O', 'r', 'k']
